Date, Open, High, Low, Close
08/07/26, 4.681, 4.692, 4.607, 4.651
08/06/26, 4.617, 4.686, 4.606, 4.681
08/05/26, 4.619, 4.644, 4.597, 4.617
08/04/26, 4.679, 4.712, 4.613, 4.619
08/03/26, 4.740, 4.740, 4.671, 4.679
07/31/26, 4.677, 4.751, 4.647, 4.740
07/30/26, 4.684, 4.715, 4.656, 4.677
07/29/26, 4.611, 4.702, 4.603, 4.684
07/28/26, 4.658, 4.658, 4.591, 4.611
07/27/26, 4.687, 4.687, 4.629, 4.658
07/24/26, 4.700, 4.716, 4.655, 4.687
07/23/26, 4.668, 4.717, 4.655, 4.700
07/22/26, 4.629, 4.672, 4.626, 4.668
07/21/26, 4.597, 4.643, 4.585, 4.629
07/20/26, 4.550, 4.611, 4.546, 4.597
07/17/26, 4.559, 4.568, 4.514, 4.550
07/16/26, 4.555, 4.600, 4.554, 4.559
07/15/26, 4.592, 4.617, 4.542, 4.555
07/14/26, 4.620, 4.640, 4.524, 4.592
07/13/26, 4.562, 4.631, 4.562, 4.620
07/10/26, 4.558, 4.575, 4.526, 4.562
07/09/26, 4.577, 4.596, 4.532, 4.558
07/08/26, 4.556, 4.601, 4.543, 4.577
07/07/26, 4.474, 4.560, 4.472, 4.556
07/06/26, 4.483, 4.495, 4.458, 4.474
07/02/26, 4.485, 4.528, 4.457, 4.490
07/01/26, 4.469, 4.504, 4.455, 4.485
06/30/26, 4.379, 4.473, 4.364, 4.469
06/29/26, 4.371, 4.394, 4.364, 4.379
06/26/26, 4.395, 4.414, 4.370, 4.371
06/25/26, 4.391, 4.423, 4.368, 4.395
06/24/26, 4.502, 4.505, 4.391, 4.391
06/23/26, 4.516, 4.516, 4.477, 4.502
06/22/26, 4.461, 4.518, 4.461, 4.516
06/18/26, 4.500, 4.500, 4.423, 4.460
06/17/26, 4.445, 4.507, 4.428, 4.500
06/16/26, 4.481, 4.485, 4.424, 4.445
06/15/26, 4.489, 4.489, 4.422, 4.481
06/12/26, 4.472, 4.509, 4.438, 4.489
06/11/26, 4.559, 4.574, 4.450, 4.472
06/10/26, 4.522, 4.563, 4.516, 4.559
06/09/26, 4.568, 4.582, 4.518, 4.522
06/08/26, 4.522, 4.585, 4.519, 4.568
06/05/26, 4.481, 4.558, 4.459, 4.522
06/04/26, 4.500, 4.500, 4.453, 4.481
06/03/26, 4.446, 4.506, 4.446, 4.500
06/02/26, 4.453, 4.473, 4.426, 4.446
06/01/26, 4.443, 4.521, 4.439, 4.453
05/29/26, 4.448, 4.466, 4.430, 4.443
05/28/26, 4.488, 4.536, 4.437, 4.448
05/27/26, 4.493, 4.493, 4.451, 4.488
05/26/26, 4.490, 4.524, 4.477, 4.493
05/22/26, 4.573, 4.589, 4.530, 4.563
05/21/26, 4.592, 4.659, 4.557, 4.573
05/20/26, 4.671, 4.689, 4.565, 4.592
05/19/26, 4.593, 4.690, 4.591, 4.671
05/18/26, 4.596, 4.635, 4.567, 4.593
05/15/26, 4.489, 4.607, 4.480, 4.596
05/14/26, 4.469, 4.491, 4.438, 4.489
05/13/26, 4.457, 4.503, 4.457, 4.469
05/12/26, 4.413, 4.470, 4.413, 4.457
05/11/26, 4.359, 4.427, 4.357, 4.413
05/08/26, 4.395, 4.404, 4.348, 4.359
05/07/26, 4.351, 4.404, 4.319, 4.395
05/06/26, 4.429, 4.429, 4.336, 4.351
05/05/26, 4.442, 4.446, 4.408, 4.429
05/04/26, 4.379, 4.467, 4.379, 4.442
05/01/26, 4.375, 4.407, 4.345, 4.379
04/30/26, 4.434, 4.439, 4.373, 4.375
04/29/26, 4.353, 4.440, 4.347, 4.434
04/28/26, 4.345, 4.382, 4.337, 4.353
04/27/26, 4.307, 4.352, 4.302, 4.345
04/24/26, 4.329, 4.358, 4.303, 4.307
04/23/26, 4.307, 4.354, 4.289, 4.329
04/22/26, 4.299, 4.311, 4.267, 4.307
04/21/26, 4.254, 4.321, 4.242, 4.299
04/20/26, 4.251, 4.285, 4.247, 4.254
04/17/26, 4.320, 4.327, 4.229, 4.251
04/16/26, 4.288, 4.323, 4.268, 4.320
04/15/26, 4.247, 4.297, 4.246, 4.288
04/14/26, 4.293, 4.308, 4.250, 4.254
04/13/26, 4.340, 4.366, 4.292, 4.293
04/10/26, 4.281, 4.340, 4.263, 4.340
04/09/26, 4.301, 4.324, 4.263, 4.281
04/08/26, 4.300, 4.308, 4.233, 4.301
04/07/26, 4.344, 4.384, 4.295, 4.300
04/06/26, 4.320, 4.371, 4.318, 4.344
04/03/26, 4.311, 4.386, 4.299, 4.320
04/02/26, 4.322, 4.389, 4.291, 4.311
04/01/26, 4.301, 4.338, 4.262, 4.322
03/31/26, 4.356, 4.364, 4.288, 4.318
03/30/26, 4.438, 4.438, 4.326, 4.356
03/27/26, 4.424, 4.487, 4.406, 4.438
03/26/26, 4.335, 4.431, 4.335, 4.424
03/25/26, 4.369, 4.369, 4.310, 4.335
03/24/26, 4.351, 4.429, 4.337, 4.369
03/23/26, 4.387, 4.447, 4.307, 4.351
03/20/26, 4.253, 4.397, 4.253, 4.387
03/19/26, 4.265, 4.329, 4.241, 4.253
03/18/26, 4.203, 4.291, 4.173, 4.265
03/17/26, 4.224, 4.253, 4.191, 4.203
03/16/26, 4.282, 4.282, 4.219, 4.224
03/13/26, 4.269, 4.293, 4.229, 4.282
03/12/26, 4.231, 4.280, 4.213, 4.269
03/11/26, 4.164, 4.236, 4.140, 4.231
03/10/26, 4.100, 4.169, 4.090, 4.164
03/09/26, 4.133, 4.218, 4.087, 4.100
03/06/26, 4.140, 4.189, 4.108, 4.133
03/05/26, 4.104, 4.152, 4.092, 4.140
03/04/26, 4.072, 4.104, 4.038, 4.104
03/03/26, 4.040, 4.120, 4.030, 4.072
03/02/26, 3.952, 4.069, 3.923, 4.040
02/27/26, 4.008, 4.010, 3.945, 3.952
02/26/26, 4.049, 4.059, 4.007, 4.008
02/25/26, 4.038, 4.063, 4.034, 4.049
02/24/26, 4.037, 4.051, 4.027, 4.038
02/23/26, 4.091, 4.091, 4.021, 4.037
02/20/26, 4.080, 4.109, 4.060, 4.091
02/19/26, 4.081, 4.110, 4.069, 4.080
02/18/26, 4.064, 4.093, 4.051, 4.081
02/17/26, 4.051, 4.065, 4.020, 4.064
02/13/26, 4.104, 4.129, 4.050, 4.052
02/12/26, 4.177, 4.192, 4.101, 4.104
02/11/26, 4.148, 4.209, 4.116, 4.177
02/10/26, 4.212, 4.218, 4.138, 4.148
02/09/26, 4.217, 4.253, 4.199, 4.212
02/06/26, 4.184, 4.227, 4.161, 4.217
02/05/26, 4.280, 4.289, 4.183, 4.184
02/04/26, 4.267, 4.293, 4.266, 4.280
02/03/26, 4.279, 4.302, 4.266, 4.267
02/02/26, 4.238, 4.287, 4.215, 4.279
01/30/26, 4.240, 4.282, 4.230, 4.238
01/29/26, 4.246, 4.276, 4.226, 4.240
01/28/26, 4.250, 4.281, 4.222, 4.246
01/27/26, 4.217, 4.253, 4.210, 4.250
01/26/26, 4.233, 4.233, 4.201, 4.217
01/23/26, 4.246, 4.266, 4.229, 4.233
01/22/26, 4.245, 4.287, 4.233, 4.246
01/21/26, 4.300, 4.304, 4.237, 4.245
01/20/26, 4.227, 4.316, 4.227, 4.300
01/16/26, 4.178, 4.236, 4.166, 4.227
01/15/26, 4.136, 4.178, 4.128, 4.178
01/14/26, 4.184, 4.194, 4.134, 4.136
01/13/26, 4.182, 4.204, 4.158, 4.184
01/12/26, 4.175, 4.211, 4.172, 4.182
01/09/26, 4.176, 4.213, 4.161, 4.175
01/08/26, 4.159, 4.189, 4.134, 4.176
01/07/26, 4.169, 4.180, 4.127, 4.159
01/06/26, 4.167, 4.200, 4.164, 4.169
01/05/26, 4.195, 4.202, 4.151, 4.167
01/02/26, 4.168, 4.200, 4.153, 4.195
12/31/25, 4.127, 4.175, 4.107, 4.172
12/30/25, 4.111, 4.145, 4.103, 4.127
12/29/25, 4.137, 4.144, 4.108, 4.111
12/26/25, 4.126, 4.158, 4.113, 4.137
12/24/25, 4.170, 4.175, 4.124, 4.135
12/23/25, 4.164, 4.205, 4.142, 4.170
12/22/25, 4.144, 4.178, 4.144, 4.164
12/19/25, 4.125, 4.159, 4.119, 4.144
12/18/25, 4.163, 4.163, 4.110, 4.125
12/17/25, 4.145, 4.184, 4.145, 4.163
12/16/25, 4.181, 4.200, 4.139, 4.145
12/15/25, 4.184, 4.196, 4.153, 4.181
12/12/25, 4.161, 4.204, 4.147, 4.184
12/11/25, 4.155, 4.169, 4.105, 4.161
12/10/25, 4.190, 4.212, 4.140, 4.155
12/09/25, 4.167, 4.194, 4.133, 4.190
12/08/25, 4.141, 4.195, 4.127, 4.167
12/05/25, 4.102, 4.148, 4.092, 4.141
12/04/25, 4.067, 4.114, 4.065, 4.102
12/03/25, 4.095, 4.095, 4.055, 4.067
12/02/25, 4.092, 4.119, 4.084, 4.095
12/01/25, 4.019, 4.102, 4.019, 4.092
11/28/25, 3.995, 4.039, 3.986, 4.018
11/26/25, 4.000, 4.046, 3.993, 3.999
11/25/25, 4.032, 4.049, 3.991, 4.000
11/24/25, 4.068, 4.072, 4.027, 4.032
11/21/25, 4.088, 4.109, 4.040, 4.068
11/20/25, 4.142, 4.165, 4.087, 4.088
11/19/25, 4.113, 4.144, 4.101, 4.142
11/18/25, 4.143, 4.150, 4.087, 4.113
11/17/25, 4.147, 4.161, 4.119, 4.143
11/14/25, 4.126, 4.156, 4.068, 4.147
11/13/25, 4.075, 4.128, 4.074, 4.126
11/12/25, 4.123, 4.127, 4.056, 4.075
11/10/25, 4.104, 4.151, 4.099, 4.121
11/07/25, 4.088, 4.115, 4.069, 4.104
11/06/25, 4.160, 4.160, 4.081, 4.088
11/05/25, 4.089, 4.165, 4.057, 4.160
11/04/25, 4.113, 4.118, 4.082, 4.089
11/03/25, 4.079, 4.125, 4.079, 4.113
10/31/25, 4.099, 4.120, 4.078, 4.079
10/30/25, 4.076, 4.119, 4.061, 4.099
10/29/25, 3.980, 4.085, 3.977, 4.076
10/28/25, 3.979, 4.007, 3.972, 3.980
10/27/25, 4.023, 4.047, 3.978, 3.979
10/24/25, 4.005, 4.023, 3.966, 4.023
10/23/25, 3.951, 4.011, 3.947, 4.005
10/22/25, 3.974, 3.980, 3.940, 3.951
10/21/25, 3.983, 3.993, 3.949, 3.974
10/20/25, 4.014, 4.029, 3.983, 3.983
10/17/25, 3.973, 4.020, 3.939, 4.014
10/16/25, 4.033, 4.054, 3.971, 3.973
10/15/25, 4.033, 4.051, 3.998, 4.033
10/14/25, 4.041, 4.071, 4.001, 4.033
10/10/25, 4.144, 4.145, 4.036, 4.036
10/09/25, 4.121, 4.155, 4.110, 4.144
10/08/25, 4.131, 4.140, 4.098, 4.121
10/07/25, 4.152, 4.180, 4.116, 4.131
10/06/25, 4.121, 4.170, 4.121, 4.152
10/03/25, 4.086, 4.128, 4.078, 4.121
10/02/25, 4.102, 4.129, 4.085, 4.086
10/01/25, 4.152, 4.172, 4.090, 4.102
09/30/25, 4.144, 4.162, 4.110, 4.152
09/29/25, 4.176, 4.177, 4.138, 4.144
09/26/25, 4.168, 4.200, 4.156, 4.176
09/25/25, 4.152, 4.204, 4.134, 4.168
09/24/25, 4.107, 4.156, 4.102, 4.152
09/23/25, 4.153, 4.153, 4.107, 4.107
09/22/25, 4.131, 4.156, 4.124, 4.153
09/19/25, 4.108, 4.148, 4.108, 4.131
09/18/25, 4.085, 4.141, 4.046, 4.108
09/17/25, 4.035, 4.094, 3.993, 4.085
09/16/25, 4.044, 4.067, 4.024, 4.035
09/15/25, 4.070, 4.091, 4.032, 4.044
09/12/25, 4.030, 4.087, 4.029, 4.070
09/11/25, 4.053, 4.075, 3.997, 4.030
09/10/25, 4.087, 4.099, 4.027, 4.053
09/09/25, 4.043, 4.099, 4.035, 4.087
09/08/25, 4.077, 4.106, 4.041, 4.043
09/05/25, 4.162, 4.170, 4.065, 4.077
09/04/25, 4.221, 4.227, 4.161, 4.162
09/03/25, 4.263, 4.304, 4.205, 4.221
09/02/25, 4.234, 4.309, 4.234, 4.263
08/29/25, 4.209, 4.246, 4.207, 4.233
08/28/25, 4.239, 4.253, 4.206, 4.209
08/27/25, 4.268, 4.294, 4.235, 4.239
08/26/25, 4.276, 4.314, 4.254, 4.268
08/25/25, 4.264, 4.297, 4.264, 4.276
08/22/25, 4.330, 4.342, 4.246, 4.264
08/21/25, 4.299, 4.350, 4.293, 4.330
08/20/25, 4.309, 4.328, 4.278, 4.299
08/19/25, 4.340, 4.349, 4.301, 4.309
08/18/25, 4.321, 4.355, 4.293, 4.340
08/15/25, 4.290, 4.335, 4.271, 4.321
08/14/25, 4.245, 4.300, 4.206, 4.290
08/13/25, 4.294, 4.306, 4.228, 4.245
08/12/25, 4.289, 4.321, 4.244, 4.294
08/11/25, 4.286, 4.293, 4.259, 4.289
08/08/25, 4.259, 4.292, 4.245, 4.286
08/07/25, 4.232, 4.260, 4.222, 4.259
08/06/25, 4.218, 4.284, 4.212, 4.232
08/05/25, 4.197, 4.235, 4.187, 4.218
08/04/25, 4.225, 4.261, 4.195, 4.197
08/01/25, 4.375, 4.411, 4.206, 4.225
07/31/25, 4.379, 4.385, 4.329, 4.375
07/30/25, 4.326, 4.385, 4.318, 4.379
07/29/25, 4.417, 4.424, 4.324, 4.326
07/28/25, 4.392, 4.424, 4.370, 4.417
07/25/25, 4.402, 4.432, 4.384, 4.392
07/24/25, 4.388, 4.445, 4.385, 4.402
07/23/25, 4.350, 4.401, 4.350, 4.388
07/22/25, 4.384, 4.400, 4.331, 4.350
07/21/25, 4.423, 4.427, 4.354, 4.384
07/18/25, 4.457, 4.458, 4.419, 4.423
07/17/25, 4.463, 4.497, 4.431, 4.457
07/16/25, 4.488, 4.498, 4.439, 4.463
07/15/25, 4.439, 4.495, 4.398, 4.488
07/14/25, 4.412, 4.450, 4.406, 4.439
07/11/25, 4.351, 4.430, 4.341, 4.412
07/10/25, 4.340, 4.377, 4.325, 4.351
07/09/25, 4.410, 4.425, 4.336, 4.340
07/08/25, 4.385, 4.439, 4.380, 4.410
07/07/25, 4.341, 4.402, 4.325, 4.385
07/03/25, 4.284, 4.366, 4.252, 4.351
07/02/25, 4.243, 4.312, 4.236, 4.284
07/01/25, 4.228, 4.281, 4.190, 4.243
06/30/25, 4.285, 4.293, 4.225, 4.228
06/27/25, 4.239, 4.295, 4.235, 4.285
06/26/25, 4.292, 4.296, 4.239, 4.239
06/25/25, 4.296, 4.340, 4.280, 4.292
06/24/25, 4.349, 4.374, 4.288, 4.296
06/23/25, 4.383, 4.410, 4.294, 4.349
06/20/25, 4.400, 4.445, 4.363, 4.383
06/18/25, 4.388, 4.415, 4.346, 4.396
06/17/25, 4.456, 4.456, 4.384, 4.388
06/16/25, 4.406, 4.464, 4.404, 4.456
06/13/25, 4.368, 4.450, 4.313, 4.406
06/12/25, 4.427, 4.427, 4.346, 4.368
06/11/25, 4.480, 4.510, 4.409, 4.427
06/10/25, 4.478, 4.492, 4.442, 4.480
06/09/25, 4.512, 4.522, 4.473, 4.478
06/06/25, 4.391, 4.517, 4.377, 4.512
06/05/25, 4.359, 4.405, 4.319, 4.391
06/04/25, 4.470, 4.472, 4.352, 4.359
06/03/25, 4.450, 4.477, 4.409, 4.470
06/02/25, 4.408, 4.473, 4.403, 4.450
05/30/25, 4.424, 4.446, 4.390, 4.408
05/29/25, 4.483, 4.543, 4.419, 4.424
05/28/25, 4.449, 4.504, 4.440, 4.483
05/27/25, 4.511, 4.513, 4.430, 4.449
05/23/25, 4.540, 4.546, 4.450, 4.518
05/22/25, 4.605, 4.632, 4.531, 4.540
05/21/25, 4.491, 4.612, 4.476, 4.605
05/20/25, 4.454, 4.527, 4.431, 4.491
05/19/25, 4.484, 4.566, 4.447, 4.454
05/16/25, 4.435, 4.499, 4.392, 4.484
05/15/25, 4.538, 4.553, 4.429, 4.435
05/14/25, 4.473, 4.549, 4.450, 4.538
05/13/25, 4.474, 4.509, 4.425, 4.473
05/12/25, 4.389, 4.482, 4.389, 4.474
05/09/25, 4.381, 4.402, 4.347, 4.389
05/08/25, 4.274, 4.401, 4.268, 4.381
05/07/25, 4.302, 4.338, 4.262, 4.274
05/06/25, 4.349, 4.379, 4.297, 4.302
05/05/25, 4.314, 4.373, 4.292, 4.349
05/02/25, 4.221, 4.336, 4.199, 4.314
05/01/25, 4.164, 4.244, 4.126, 4.221
04/30/25, 4.181, 4.232, 4.138, 4.164
04/29/25, 4.211, 4.249, 4.166, 4.181
04/28/25, 4.240, 4.299, 4.205, 4.211
04/25/25, 4.325, 4.333, 4.240, 4.240
04/24/25, 4.393, 4.393, 4.307, 4.325
04/23/25, 4.400, 4.405, 4.252, 4.393
04/22/25, 4.414, 4.440, 4.373, 4.400
04/21/25, 4.335, 4.423, 4.334, 4.414
04/17/25, 4.282, 4.347, 4.282, 4.330
04/16/25, 4.339, 4.356, 4.266, 4.282
04/15/25, 4.378, 4.410, 4.309, 4.339
04/14/25, 4.494, 4.500, 4.363, 4.378
04/11/25, 4.436, 4.594, 4.385, 4.494
04/10/25, 4.356, 4.436, 4.263, 4.436
04/09/25, 4.304, 4.516, 4.289, 4.356
04/08/25, 4.177, 4.322, 4.128, 4.304
04/07/25, 4.009, 4.229, 3.865, 4.177
04/04/25, 4.033, 4.052, 3.864, 4.009
04/03/25, 4.127, 4.127, 4.002, 4.033
04/02/25, 4.177, 4.239, 4.112, 4.127
04/01/25, 4.210, 4.220, 4.136, 4.177
03/31/25, 4.239, 4.262, 4.186, 4.210
03/28/25, 4.366, 4.367, 4.239, 4.239
03/27/25, 4.357, 4.404, 4.337, 4.366
03/26/25, 4.321, 4.364, 4.319, 4.357
03/25/25, 4.346, 4.371, 4.300, 4.321
03/24/25, 4.258, 4.349, 4.258, 4.346
03/21/25, 4.235, 4.260, 4.203, 4.258
03/20/25, 4.237, 4.252, 4.177, 4.235
03/19/25, 4.290, 4.343, 4.237, 4.237
03/18/25, 4.306, 4.341, 4.269, 4.290
03/17/25, 4.317, 4.334, 4.262, 4.306
03/14/25, 4.273, 4.328, 4.266, 4.317
03/13/25, 4.315, 4.357, 4.261, 4.273
03/12/25, 4.285, 4.336, 4.248, 4.315
03/11/25, 4.216, 4.298, 4.155, 4.285
03/10/25, 4.301, 4.302, 4.201, 4.216
03/07/25, 4.276, 4.331, 4.213, 4.301
03/06/25, 4.281, 4.347, 4.257, 4.276
03/05/25, 4.248, 4.297, 4.188, 4.281
03/04/25, 4.159, 4.255, 4.108, 4.248
03/03/25, 4.220, 4.266, 4.149, 4.159
02/28/25, 4.265, 4.280, 4.198, 4.220
02/27/25, 4.263, 4.316, 4.261, 4.265
02/26/25, 4.301, 4.340, 4.248, 4.263
02/25/25, 4.410, 4.410, 4.287, 4.301
02/24/25, 4.430, 4.459, 4.392, 4.410
02/21/25, 4.511, 4.521, 4.410, 4.430
02/20/25, 4.538, 4.541, 4.495, 4.511
02/19/25, 4.556, 4.579, 4.531, 4.538
02/18/25, 4.471, 4.563, 4.471, 4.556
02/14/25, 4.536, 4.550, 4.450, 4.480
02/13/25, 4.629, 4.629, 4.519, 4.536
02/12/25, 4.532, 4.664, 4.522, 4.629
02/11/25, 4.498, 4.549, 4.498, 4.532
02/10/25, 4.496, 4.512, 4.461, 4.498
02/07/25, 4.445, 4.518, 4.432, 4.496
02/06/25, 4.432, 4.464, 4.415, 4.445
02/05/25, 4.510, 4.533, 4.404, 4.432
02/04/25, 4.564, 4.600, 4.509, 4.510
02/03/25, 4.541, 4.568, 4.465, 4.564
01/31/25, 4.519, 4.586, 4.499, 4.541
01/30/25, 4.544, 4.554, 4.477, 4.519
01/29/25, 4.538, 4.595, 4.513, 4.544
01/28/25, 4.541, 4.582, 4.529, 4.538
01/27/25, 4.634, 4.634, 4.501, 4.541
01/24/25, 4.646, 4.668, 4.607, 4.634
01/23/25, 4.616, 4.667, 4.599, 4.646
01/22/25, 4.582, 4.625, 4.558, 4.616
01/21/25, 4.642, 4.651, 4.532, 4.582
01/17/25, 4.617, 4.631, 4.570, 4.630
01/16/25, 4.657, 4.697, 4.589, 4.617
01/15/25, 4.793, 4.807, 4.641, 4.657
01/14/25, 4.787, 4.817, 4.753, 4.793
01/13/25, 4.769, 4.808, 4.755, 4.787
01/10/25, 4.688, 4.793, 4.677, 4.769
01/09/25, 4.706, 4.706, 4.646, 4.688
01/08/25, 4.687, 4.733, 4.665, 4.706
01/07/25, 4.636, 4.702, 4.609, 4.687
01/06/25, 4.602, 4.648, 4.579, 4.636
01/03/25, 4.568, 4.612, 4.538, 4.602
01/02/25, 4.574, 4.602, 4.518, 4.568
12/31/24, 4.543, 4.591, 4.510, 4.576
12/30/24, 4.630, 4.638, 4.536, 4.543
12/27/24, 4.582, 4.635, 4.574, 4.630
12/26/24, 4.599, 4.651, 4.575, 4.582
12/24/24, 4.593, 4.641, 4.583, 4.589
12/23/24, 4.519, 4.602, 4.519, 4.593
12/20/24, 4.575, 4.575, 4.487, 4.519
12/19/24, 4.519, 4.598, 4.505, 4.575
12/18/24, 4.405, 4.527, 4.384, 4.519
12/17/24, 4.405, 4.444, 4.376, 4.405
12/16/24, 4.396, 4.415, 4.365, 4.405
12/13/24, 4.334, 4.410, 4.315, 4.396
12/12/24, 4.275, 4.342, 4.269, 4.334
12/11/24, 4.225, 4.281, 4.204, 4.275
12/10/24, 4.203, 4.249, 4.187, 4.225
12/09/24, 4.170, 4.212, 4.138, 4.203
12/06/24, 4.175, 4.200, 4.129, 4.170
12/05/24, 4.181, 4.227, 4.172, 4.175
12/04/24, 4.228, 4.283, 4.178, 4.181
12/03/24, 4.198, 4.242, 4.169, 4.228
12/02/24, 4.175, 4.255, 4.175, 4.198
11/29/24, 4.252, 4.271, 4.170, 4.175
11/27/24, 4.310, 4.313, 4.229, 4.264
11/26/24, 4.279, 4.328, 4.268, 4.310
11/25/24, 4.411, 4.411, 4.264, 4.279
11/22/24, 4.425, 4.433, 4.384, 4.411
11/21/24, 4.409, 4.442, 4.380, 4.425
11/20/24, 4.402, 4.441, 4.390, 4.409
11/19/24, 4.421, 4.421, 4.340, 4.402
11/18/24, 4.444, 4.494, 4.410, 4.421
11/15/24, 4.443, 4.507, 4.403, 4.444
11/14/24, 4.468, 4.486, 4.390, 4.443
11/13/24, 4.440, 4.468, 4.361, 4.468
11/12/24, 4.310, 4.446, 4.310, 4.440
11/08/24, 4.342, 4.356, 4.266, 4.310
11/07/24, 4.435, 4.458, 4.313, 4.342
11/06/24, 4.286, 4.482, 4.286, 4.435
11/05/24, 4.289, 4.369, 4.277, 4.286
11/04/24, 4.397, 4.397, 4.267, 4.289
11/01/24, 4.290, 4.397, 4.225, 4.397
10/31/24, 4.303, 4.337, 4.263, 4.290
10/30/24, 4.259, 4.306, 4.201, 4.303
10/29/24, 4.286, 4.342, 4.251, 4.259
10/28/24, 4.246, 4.303, 4.233, 4.286
10/25/24, 4.217, 4.252, 4.177, 4.246
10/24/24, 4.243, 4.254, 4.185, 4.217
10/23/24, 4.214, 4.262, 4.210, 4.243
10/22/24, 4.206, 4.224, 4.168, 4.214
10/21/24, 4.082, 4.206, 4.080, 4.206
10/18/24, 4.096, 4.122, 4.067, 4.082
10/17/24, 4.018, 4.104, 4.018, 4.096
10/16/24, 4.037, 4.046, 3.997, 4.018
10/15/24, 4.105, 4.106, 4.029, 4.037
10/11/24, 4.065, 4.120, 4.061, 4.105
10/10/24, 4.069, 4.122, 4.054, 4.065
10/09/24, 4.017, 4.081, 4.010, 4.069
10/08/24, 4.033, 4.061, 3.999, 4.017
10/07/24, 3.962, 4.036, 3.958, 4.033
10/04/24, 3.852, 3.987, 3.837, 3.962
10/03/24, 3.788, 3.859, 3.782, 3.852
10/02/24, 3.737, 3.820, 3.727, 3.788
10/01/24, 3.787, 3.794, 3.698, 3.737
09/30/24, 3.754, 3.810, 3.751, 3.787
09/27/24, 3.800, 3.813, 3.744, 3.754
09/26/24, 3.788, 3.825, 3.756, 3.800
09/25/24, 3.733, 3.796, 3.726, 3.788
09/24/24, 3.751, 3.812, 3.730, 3.733
09/23/24, 3.744, 3.798, 3.734, 3.751
09/20/24, 3.715, 3.767, 3.704, 3.744
09/19/24, 3.705, 3.772, 3.694, 3.715
09/18/24, 3.659, 3.724, 3.637, 3.705
09/17/24, 3.623, 3.660, 3.597, 3.659
09/16/24, 3.657, 3.665, 3.614, 3.623
09/13/24, 3.678, 3.680, 3.627, 3.657
09/12/24, 3.658, 3.708, 3.641, 3.678
09/11/24, 3.650, 3.691, 3.608, 3.658
09/10/24, 3.704, 3.727, 3.639, 3.650
09/09/24, 3.713, 3.765, 3.694, 3.704
09/06/24, 3.733, 3.764, 3.650, 3.713
09/05/24, 3.759, 3.777, 3.724, 3.733
09/04/24, 3.836, 3.845, 3.757, 3.759
09/03/24, 3.911, 3.936, 3.827, 3.836
08/30/24, 3.865, 3.934, 3.854, 3.908
08/29/24, 3.840, 3.891, 3.819, 3.865
08/28/24, 3.831, 3.850, 3.807, 3.840
08/27/24, 3.818, 3.870, 3.809, 3.831
08/26/24, 3.804, 3.828, 3.778, 3.818
08/23/24, 3.857, 3.863, 3.794, 3.804
08/22/24, 3.805, 3.880, 3.792, 3.857
08/21/24, 3.810, 3.836, 3.765, 3.805
08/20/24, 3.876, 3.889, 3.810, 3.810
08/19/24, 3.885, 3.912, 3.855, 3.876
08/16/24, 3.915, 3.929, 3.866, 3.885
08/15/24, 3.840, 3.956, 3.830, 3.915
08/14/24, 3.846, 3.875, 3.806, 3.840
08/13/24, 3.908, 3.928, 3.846, 3.846
08/12/24, 3.946, 3.969, 3.899, 3.908
08/09/24, 3.997, 3.997, 3.925, 3.946
08/08/24, 3.954, 4.025, 3.897, 3.997
08/07/24, 3.897, 3.981, 3.878, 3.954
08/06/24, 3.798, 3.912, 3.795, 3.897
08/05/24, 3.793, 3.834, 3.669, 3.798
08/02/24, 3.982, 3.982, 3.789, 3.793
08/01/24, 4.035, 4.069, 3.967, 3.982
07/31/24, 4.139, 4.159, 4.033, 4.035
07/30/24, 4.179, 4.191, 4.133, 4.139
07/29/24, 4.200, 4.200, 4.153, 4.179
07/26/24, 4.247, 4.268, 4.193, 4.200
07/25/24, 4.293, 4.293, 4.198, 4.247
07/24/24, 4.255, 4.298, 4.210, 4.293
07/23/24, 4.256, 4.259, 4.225, 4.255
07/22/24, 4.242, 4.280, 4.207, 4.256
07/19/24, 4.211, 4.247, 4.211, 4.242
07/18/24, 4.161, 4.211, 4.158, 4.205
07/17/24, 4.163, 4.197, 4.147, 4.161
07/16/24, 4.237, 4.237, 4.159, 4.163
07/15/24, 4.187, 4.251, 4.186, 4.237
07/12/24, 4.217, 4.242, 4.180, 4.187
07/11/24, 4.290, 4.301, 4.170, 4.217
07/10/24, 4.301, 4.315, 4.269, 4.290
07/09/24, 4.284, 4.332, 4.277, 4.301
07/08/24, 4.286, 4.320, 4.267, 4.284
07/05/24, 4.364, 4.379, 4.273, 4.286
07/03/24, 4.437, 4.448, 4.341, 4.364
07/02/24, 4.467, 4.467, 4.417, 4.437
07/01/24, 4.402, 4.496, 4.390, 4.467
06/28/24, 4.291, 4.405, 4.263, 4.402
06/27/24, 4.334, 4.350, 4.279, 4.291
06/26/24, 4.252, 4.334, 4.245, 4.334
06/25/24, 4.237, 4.262, 4.212, 4.252
06/24/24, 4.257, 4.280, 4.230, 4.237
06/21/24, 4.264, 4.281, 4.198, 4.257
06/20/24, 4.227, 4.297, 4.225, 4.264
06/18/24, 4.286, 4.303, 4.211, 4.227
06/17/24, 4.228, 4.298, 4.225, 4.286
06/14/24, 4.249, 4.275, 4.191, 4.228
06/13/24, 4.323, 4.332, 4.227, 4.249
06/12/24, 4.405, 4.413, 4.252, 4.323
06/11/24, 4.466, 4.471, 4.399, 4.405
06/10/24, 4.439, 4.483, 4.439, 4.466
06/07/24, 4.292, 4.450, 4.292, 4.439
06/06/24, 4.280, 4.324, 4.272, 4.292
06/05/24, 4.331, 4.362, 4.277, 4.280
06/04/24, 4.395, 4.417, 4.317, 4.331
06/03/24, 4.502, 4.505, 4.384, 4.395
05/31/24, 4.556, 4.575, 4.487, 4.502
05/30/24, 4.619, 4.630, 4.546, 4.556
05/29/24, 4.557, 4.640, 4.546, 4.619
05/28/24, 4.470, 4.561, 4.449, 4.557
05/26/24, 4.470, 4.470, 4.470, 4.470
05/24/24, 4.480, 4.505, 4.465, 4.470
05/23/24, 4.428, 4.501, 4.402, 4.480
05/22/24, 4.421, 4.464, 4.412, 4.428
05/21/24, 4.450, 4.455, 4.401, 4.421
05/20/24, 4.426, 4.459, 4.409, 4.450
05/17/24, 4.381, 4.428, 4.367, 4.426
05/16/24, 4.344, 4.387, 4.315, 4.381
05/15/24, 4.442, 4.454, 4.343, 4.344
05/14/24, 4.493, 4.525, 4.437, 4.442
05/13/24, 4.502, 4.503, 4.461, 4.493
05/10/24, 4.460, 4.512, 4.446, 4.502
05/09/24, 4.501, 4.522, 4.450, 4.460
05/08/24, 4.462, 4.504, 4.455, 4.501
05/07/24, 4.490, 4.499, 4.424, 4.462
05/06/24, 4.518, 4.518, 4.473, 4.490
05/03/24, 4.584, 4.598, 4.449, 4.518
05/02/24, 4.639, 4.654, 4.571, 4.584
05/01/24, 4.687, 4.698, 4.585, 4.639
04/30/24, 4.618, 4.696, 4.602, 4.687
04/29/24, 4.669, 4.669, 4.610, 4.618
04/26/24, 4.708, 4.720, 4.647, 4.669
04/25/24, 4.646, 4.741, 4.642, 4.708
04/24/24, 4.606, 4.674, 4.601, 4.646
04/23/24, 4.614, 4.656, 4.571, 4.606
04/22/24, 4.626, 4.670, 4.612, 4.614
04/19/24, 4.631, 4.639, 4.499, 4.626
04/18/24, 4.593, 4.656, 4.563, 4.631
04/17/24, 4.673, 4.687, 4.578, 4.593
04/16/24, 4.608, 4.698, 4.594, 4.673
04/15/24, 4.532, 4.667, 4.523, 4.608
04/12/24, 4.595, 4.595, 4.486, 4.532
04/11/24, 4.551, 4.608, 4.518, 4.595
04/10/24, 4.369, 4.571, 4.335, 4.551
04/09/24, 4.430, 4.434, 4.358, 4.369
04/08/24, 4.406, 4.467, 4.406, 4.430
04/05/24, 4.317, 4.410, 4.306, 4.406
04/04/24, 4.355, 4.384, 4.302, 4.317
04/03/24, 4.361, 4.431, 4.345, 4.355
04/02/24, 4.320, 4.407, 4.306, 4.361
04/01/24, 4.205, 4.339, 4.192, 4.320
03/28/24, 4.194, 4.243, 4.186, 4.205
03/27/24, 4.238, 4.245, 4.186, 4.194
03/26/24, 4.246, 4.276, 4.224, 4.238
03/25/24, 4.202, 4.264, 4.193, 4.246
03/22/24, 4.264, 4.272, 4.197, 4.202
03/21/24, 4.276, 4.296, 4.221, 4.264
03/20/24, 4.298, 4.326, 4.232, 4.276
03/19/24, 4.334, 4.339, 4.294, 4.298
03/18/24, 4.318, 4.351, 4.293, 4.334
03/15/24, 4.300, 4.323, 4.272, 4.318
03/14/24, 4.194, 4.303, 4.188, 4.300
03/13/24, 4.168, 4.201, 4.134, 4.194
03/12/24, 4.102, 4.175, 4.071, 4.160
03/11/24, 4.080, 4.118, 4.055, 4.102
03/08/24, 4.088, 4.106, 4.041, 4.080
03/07/24, 4.096, 4.130, 4.056, 4.087
03/06/24, 4.157, 4.174, 4.083, 4.101
03/05/24, 4.219, 4.226, 4.115, 4.155
03/04/24, 4.198, 4.238, 4.189, 4.216
03/01/24, 4.259, 4.301, 4.178, 4.185
02/29/24, 4.266, 4.339, 4.227, 4.257
02/28/24, 4.301, 4.309, 3.829, 4.266
02/27/24, 4.282, 4.325, 4.258, 4.301
02/26/24, 4.251, 4.309, 4.221, 4.282
02/23/24, 4.326, 4.354, 4.241, 4.251
02/22/24, 4.321, 4.354, 4.292, 4.326
02/21/24, 4.280, 4.332, 4.249, 4.321
02/20/24, 4.284, 4.325, 4.239, 4.280
02/16/24, 4.227, 4.343, 4.227, 4.284
02/15/24, 4.253, 4.255, 4.191, 4.227
02/14/24, 4.317, 4.337, 4.242, 4.253
02/13/24, 4.186, 4.331, 4.142, 4.317
02/12/24, 4.168, 4.188, 4.145, 4.186
02/09/24, 4.157, 4.193, 4.134, 4.168
02/08/24, 4.123, 4.167, 4.090, 4.157
02/07/24, 4.103, 4.136, 4.065, 4.123
02/06/24, 4.162, 4.173, 4.079, 4.103
02/05/24, 4.023, 4.178, 4.023, 4.162
02/02/24, 3.878, 4.054, 3.870, 4.023
02/01/24, 3.919, 3.958, 3.813, 3.878
01/31/24, 4.034, 4.044, 3.911, 3.919
01/30/24, 4.079, 4.106, 4.030, 4.034
01/29/24, 4.143, 4.145, 4.061, 4.079
01/26/24, 4.121, 4.170, 4.092, 4.143
01/25/24, 4.181, 4.195, 4.114, 4.121
01/24/24, 4.138, 4.194, 4.085, 4.181
01/23/24, 4.106, 4.164, 4.088, 4.138
01/22/24, 4.131, 4.154, 4.071, 4.106
01/19/24, 4.146, 4.199, 4.123, 4.131
01/18/24, 4.109, 4.158, 4.070, 4.146
01/17/24, 4.067, 4.133, 4.039, 4.109
01/16/24, 3.944, 4.081, 3.944, 4.067
01/12/24, 3.971, 4.013, 3.916, 3.944
01/11/24, 4.034, 4.072, 3.967, 3.971
01/10/24, 4.015, 4.049, 3.979, 4.034
01/09/24, 4.031, 4.054, 3.994, 4.015
01/08/24, 4.046, 4.065, 3.965, 4.031
01/05/24, 3.999, 4.103, 3.945, 4.046
01/04/24, 3.920, 4.005, 3.900, 3.999
01/03/24, 3.936, 4.011, 3.889, 3.920
01/02/24, 3.881, 3.977, 3.881, 3.936
12/29/23, 3.841, 3.905, 3.831, 3.881
12/28/23, 3.797, 3.862, 3.797, 3.841
12/27/23, 3.900, 3.904, 3.784, 3.797
12/26/23, 3.897, 3.919, 3.878, 3.900
12/22/23, 3.887, 3.925, 3.846, 3.897
12/21/23, 3.848, 3.907, 3.828, 3.887
12/20/23, 3.932, 3.932, 3.845, 3.848
12/19/23, 3.939, 3.956, 3.892, 3.932
12/18/23, 3.914, 3.975, 3.889, 3.939
12/15/23, 3.922, 3.985, 3.896, 3.914
12/14/23, 4.025, 4.025, 3.886, 3.922
12/13/23, 4.206, 4.214, 4.001, 4.025
12/12/23, 4.236, 4.250, 4.141, 4.204
12/11/23, 4.230, 4.288, 4.228, 4.236
12/08/23, 4.156, 4.287, 4.146, 4.230
12/07/23, 4.109, 4.185, 4.103, 4.156
12/06/23, 4.175, 4.208, 4.102, 4.109
12/05/23, 4.259, 4.266, 4.164, 4.175
12/04/23, 4.200, 4.298, 4.200, 4.259
12/01/23, 4.333, 4.352, 4.199, 4.200
11/30/23, 4.265, 4.370, 4.247, 4.333
11/29/23, 4.324, 4.332, 4.248, 4.265
11/28/23, 4.391, 4.426, 4.324, 4.324
11/27/23, 4.471, 4.516, 4.384, 4.391
11/24/23, 4.412, 4.497, 4.412, 4.471
11/22/23, 4.394, 4.450, 4.362, 4.412
11/21/23, 4.422, 4.448, 4.386, 4.394
11/20/23, 4.440, 4.491, 4.409, 4.422
11/17/23, 4.436, 4.471, 4.380, 4.440
11/16/23, 4.528, 4.530, 4.430, 4.436
11/15/23, 4.445, 4.560, 4.428, 4.528
11/14/23, 4.636, 4.658, 4.422, 4.445
11/13/23, 4.645, 4.697, 4.620, 4.636
11/09/23, 4.497, 4.643, 4.402, 4.622
11/08/23, 4.567, 4.620, 4.492, 4.497
11/07/23, 4.649, 4.669, 4.545, 4.567
11/06/23, 4.519, 4.675, 4.519, 4.649
11/03/23, 4.663, 4.680, 4.481, 4.519
11/02/23, 4.734, 4.755, 4.623, 4.663
11/01/23, 4.934, 4.939, 4.734, 4.734
10/31/23, 4.895, 4.934, 4.804, 4.934
10/30/23, 4.841, 4.922, 4.838, 4.895
10/27/23, 4.849, 4.904, 4.827, 4.841
10/26/23, 4.961, 4.989, 4.841, 4.849
10/25/23, 4.826, 4.970, 4.804, 4.961
10/24/23, 4.849, 4.896, 4.801, 4.826
10/23/23, 4.928, 5.022, 4.830, 4.849
10/20/23, 4.990, 4.997, 4.886, 4.928
10/19/23, 4.902, 4.996, 4.888, 4.990
10/18/23, 4.834, 4.934, 4.810, 4.902
10/17/23, 4.712, 4.870, 4.704, 4.834
10/16/23, 4.627, 4.729, 4.616, 4.712
10/13/23, 4.702, 4.703, 4.586, 4.627
10/12/23, 4.564, 4.729, 4.532, 4.702
10/11/23, 4.664, 4.677, 4.543, 4.564
10/10/23, 4.804, 4.804, 4.617, 4.664
10/06/23, 4.708, 4.862, 4.708, 4.804
10/05/23, 4.736, 4.777, 4.701, 4.708
10/04/23, 4.804, 4.887, 4.579, 4.736
10/03/23, 4.681, 4.823, 4.668, 4.804
10/02/23, 4.579, 4.707, 4.579, 4.687
09/29/23, 4.578, 4.604, 4.514, 4.579
09/28/23, 4.616, 4.684, 4.570, 4.578
09/27/23, 4.540, 4.646, 4.489, 4.616
09/26/23, 4.537, 4.568, 4.482, 4.540
09/25/23, 4.440, 4.549, 4.436, 4.537
09/22/23, 4.494, 4.511, 4.427, 4.440
09/21/23, 4.414, 4.498, 4.405, 4.494
09/20/23, 4.364, 4.418, 4.311, 4.414
09/19/23, 4.309, 4.372, 4.300, 4.364
09/18/23, 4.331, 4.362, 4.306, 4.309
09/15/23, 4.296, 4.345, 4.270, 4.331
09/14/23, 4.259, 4.304, 4.219, 4.296
09/13/23, 4.286, 4.365, 4.238, 4.259
09/12/23, 4.290, 4.305, 4.268, 4.286
09/11/23, 4.271, 4.308, 4.271, 4.290
09/08/23, 4.248, 4.271, 4.210, 4.271
09/07/23, 4.284, 4.317, 4.246, 4.248
09/06/23, 4.259, 4.308, 4.238, 4.284
09/05/23, 4.186, 4.274, 4.186, 4.259
09/01/23, 4.111, 4.203, 4.047, 4.186
08/31/23, 4.113, 4.126, 4.070, 4.111
08/30/23, 4.125, 4.159, 4.091, 4.113
08/29/23, 4.204, 4.242, 4.108, 4.125
08/28/23, 4.234, 4.258, 4.199, 4.204
08/25/23, 4.241, 4.279, 4.198, 4.234
08/24/23, 4.194, 4.241, 4.176, 4.241
08/23/23, 4.329, 4.330, 4.180, 4.194
08/22/23, 4.336, 4.366, 4.301, 4.329
08/21/23, 4.253, 4.355, 4.253, 4.336
08/18/23, 4.284, 4.285, 4.213, 4.253
08/17/23, 4.256, 4.329, 4.256, 4.284
08/16/23, 4.218, 4.278, 4.170, 4.256
08/15/23, 4.195, 4.268, 4.173, 4.218
08/14/23, 4.154, 4.215, 4.144, 4.195
08/11/23, 4.110, 4.173, 4.080, 4.154
08/10/23, 4.014, 4.110, 3.950, 4.110
08/09/23, 4.033, 4.046, 3.989, 4.014
08/08/23, 4.091, 4.094, 3.982, 4.033
08/07/23, 4.046, 4.124, 4.044, 4.091
08/04/23, 4.179, 4.210, 4.043, 4.046
08/03/23, 4.088, 4.201, 4.082, 4.179
08/02/23, 4.032, 4.125, 4.011, 4.088
08/01/23, 3.959, 4.061, 3.946, 4.032
07/31/23, 3.954, 4.004, 3.927, 3.959
07/28/23, 4.004, 4.041, 3.943, 3.954
07/27/23, 3.865, 4.021, 3.837, 4.004
07/26/23, 3.891, 3.905, 3.849, 3.865
07/25/23, 3.870, 3.924, 3.857, 3.891
07/24/23, 3.841, 3.876, 3.794, 3.870
07/21/23, 3.853, 3.861, 3.812, 3.841
07/20/23, 3.754, 3.877, 3.747, 3.853
07/19/23, 3.790, 3.794, 3.733, 3.754
07/18/23, 3.812, 3.812, 3.742, 3.790
07/17/23, 3.832, 3.842, 3.772, 3.812
07/14/23, 3.768, 3.834, 3.759, 3.832
07/13/23, 3.862, 3.868, 3.756, 3.768
07/12/23, 3.974, 3.974, 3.840, 3.862
07/11/23, 4.000, 4.009, 3.952, 3.974
07/10/23, 4.068, 4.092, 3.991, 4.000
07/07/23, 4.038, 4.094, 4.004, 4.068
07/06/23, 3.938, 4.085, 3.931, 4.038
07/05/23, 3.858, 3.948, 3.836, 3.938
07/03/23, 3.844, 3.875, 3.781, 3.858
06/30/23, 3.846, 3.890, 3.796, 3.844
06/29/23, 3.712, 3.870, 3.711, 3.846
06/28/23, 3.767, 3.772, 3.705, 3.712
06/27/23, 3.724, 3.779, 3.693, 3.767
06/26/23, 3.741, 3.741, 3.680, 3.724
06/23/23, 3.797, 3.801, 3.692, 3.741
06/22/23, 3.725, 3.808, 3.719, 3.797
06/21/23, 3.723, 3.795, 3.715, 3.725
06/20/23, 3.769, 3.827, 3.708, 3.723
06/16/23, 3.723, 3.796, 3.719, 3.769
06/15/23, 3.792, 3.845, 3.702, 3.723
06/14/23, 3.828, 3.842, 3.772, 3.792
06/13/23, 3.740, 3.848, 3.689, 3.828
06/12/23, 3.742, 3.797, 3.711, 3.740
06/09/23, 3.720, 3.779, 3.717, 3.742
06/08/23, 3.797, 3.826, 3.707, 3.720
06/07/23, 3.675, 3.804, 3.655, 3.797
06/06/23, 3.688, 3.734, 3.658, 3.675
06/05/23, 3.699, 3.767, 3.664, 3.688
06/02/23, 3.600, 3.708, 3.600, 3.699
06/01/23, 3.647, 3.690, 3.576, 3.600
05/31/23, 3.692, 3.694, 3.615, 3.647
05/30/23, 3.806, 3.806, 3.687, 3.692
05/26/23, 3.822, 3.855, 3.780, 3.806
05/25/23, 3.750, 3.826, 3.733, 3.822
05/24/23, 3.700, 3.751, 3.667, 3.750
05/23/23, 3.715, 3.759, 3.690, 3.700
05/22/23, 3.683, 3.725, 3.644, 3.715
05/19/23, 3.651, 3.724, 3.620, 3.683
05/18/23, 3.569, 3.658, 3.554, 3.651
05/17/23, 3.542, 3.591, 3.513, 3.569
05/16/23, 3.507, 3.575, 3.461, 3.542
05/15/23, 3.468, 3.510, 3.458, 3.507
05/12/23, 3.389, 3.475, 3.369, 3.468
05/11/23, 3.445, 3.446, 3.343, 3.389
05/10/23, 3.521, 3.528, 3.431, 3.445
05/09/23, 3.513, 3.530, 3.480, 3.521
05/08/23, 3.440, 3.522, 3.425, 3.513
05/05/23, 3.385, 3.466, 3.372, 3.440
05/04/23, 3.343, 3.544, 3.292, 3.385
05/03/23, 3.429, 3.544, 3.341, 3.343
05/02/23, 3.572, 3.572, 3.422, 3.429
05/01/23, 3.422, 3.595, 3.422, 3.572
04/28/23, 3.525, 3.552, 3.422, 3.422
04/27/23, 3.450, 3.538, 3.405, 3.525
04/26/23, 3.402, 3.459, 3.378, 3.450
04/25/23, 3.496, 3.539, 3.383, 3.402
04/24/23, 3.577, 3.577, 3.494, 3.496
04/21/23, 3.538, 3.579, 3.507, 3.577
04/20/23, 3.594, 3.613, 3.528, 3.538
04/19/23, 3.578, 3.639, 3.578, 3.594
04/18/23, 3.606, 3.607, 3.558, 3.578
04/17/23, 3.519, 3.607, 3.507, 3.606
04/14/23, 3.446, 3.539, 3.424, 3.519
04/13/23, 3.401, 3.458, 3.373, 3.446
04/12/23, 3.428, 3.461, 3.340, 3.401
04/11/23, 3.417, 3.454, 3.386, 3.428
04/10/23, 3.405, 3.433, 3.356, 3.417
04/07/23, 3.307, 3.406, 3.279, 3.405
04/06/23, 3.313, 3.362, 3.261, 3.307
04/05/23, 3.342, 3.376, 3.274, 3.313
04/04/23, 3.418, 3.483, 3.335, 3.342
04/03/23, 3.471, 3.547, 3.400, 3.418
03/31/23, 3.553, 3.590, 3.471, 3.471
03/30/23, 3.573, 3.598, 3.537, 3.553
03/29/23, 3.567, 3.611, 3.537, 3.573
03/28/23, 3.537, 3.576, 3.502, 3.567
03/27/23, 3.376, 3.547, 3.372, 3.537
03/24/23, 3.422, 3.426, 3.289, 3.376
03/23/23, 3.444, 3.519, 3.379, 3.422
03/22/23, 3.609, 3.646, 3.442, 3.444
03/21/23, 3.486, 3.611, 3.442, 3.609
03/20/23, 3.430, 3.518, 3.300, 3.486
03/17/23, 3.584, 3.595, 3.377, 3.430
03/16/23, 3.466, 3.585, 3.368, 3.584
03/15/23, 3.690, 3.709, 3.390, 3.466
03/14/23, 3.577, 3.692, 3.467, 3.690
03/13/23, 3.705, 3.750, 3.433, 3.577
03/10/23, 3.911, 3.911, 3.682, 3.705
03/09/23, 3.992, 4.018, 3.898, 3.911
03/08/23, 3.970, 4.010, 3.904, 3.992
03/07/23, 3.965, 4.002, 3.929, 3.970
03/06/23, 3.960, 3.987, 3.900, 3.965
03/03/23, 4.062, 4.072, 3.958, 3.960
03/02/23, 3.994, 4.088, 3.990, 4.062
03/01/23, 3.924, 4.011, 3.913, 3.994
02/28/23, 3.918, 3.976, 3.904, 3.924
02/27/23, 3.953, 3.979, 3.900, 3.918
02/24/23, 3.883, 3.974, 3.857, 3.953
02/23/23, 3.925, 3.976, 3.870, 3.883
02/22/23, 3.955, 3.965, 3.895, 3.925
02/21/23, 3.821, 3.962, 3.821, 3.955
02/20/23, 3.821, 3.821, 3.821, 3.821
02/17/23, 3.862, 3.922, 3.782, 3.821
02/16/23, 3.807, 3.867, 3.764, 3.862
02/15/23, 3.753, 3.822, 3.724, 3.807
02/14/23, 3.705, 3.793, 3.636, 3.753
02/13/23, 3.738, 3.753, 3.677, 3.705
02/10/23, 3.663, 3.746, 3.659, 3.738
02/09/23, 3.621, 3.687, 3.576, 3.663
02/08/23, 3.677, 3.690, 3.621, 3.621
02/07/23, 3.645, 3.689, 3.599, 3.677
02/06/23, 3.524, 3.654, 3.524, 3.645
02/03/23, 3.398, 3.546, 3.364, 3.524
02/02/23, 3.424, 3.425, 3.337, 3.398
02/01/23, 3.511, 3.520, 3.389, 3.424
01/31/23, 3.538, 3.554, 3.488, 3.511
01/30/23, 3.512, 3.573, 3.495, 3.538
01/27/23, 3.497, 3.566, 3.497, 3.512
01/26/23, 3.448, 3.515, 3.435, 3.497
01/25/23, 3.460, 3.482, 3.422, 3.448
01/24/23, 3.521, 3.549, 3.460, 3.460
01/23/23, 3.480, 3.544, 3.468, 3.521
01/20/23, 3.400, 3.497, 3.395, 3.480
01/19/23, 3.373, 3.427, 3.320, 3.400
01/18/23, 3.549, 3.558, 3.369, 3.373
01/17/23, 3.505, 3.581, 3.502, 3.549
01/13/23, 3.446, 3.513, 3.428, 3.505
01/12/23, 3.541, 3.577, 3.422, 3.446
01/11/23, 3.621, 3.621, 3.532, 3.541
01/10/23, 3.538, 3.635, 3.522, 3.621
01/09/23, 3.563, 3.611, 3.511, 3.538
01/06/23, 3.719, 3.749, 3.552, 3.563
01/05/23, 3.687, 3.783, 3.687, 3.719
01/04/23, 3.745, 3.764, 3.672, 3.687
01/03/23, 3.880, 3.880, 3.728, 3.745
12/30/22, 3.820, 3.910, 3.820, 3.880
12/29/22, 3.884, 3.887, 3.819, 3.820
12/28/22, 3.847, 3.888, 3.808, 3.884
12/27/22, 3.749, 3.864, 3.728, 3.847
12/23/22, 3.682, 3.749, 3.679, 3.749
12/22/22, 3.673, 3.690, 3.632, 3.682
12/21/22, 3.690, 3.720, 3.629, 3.673
12/20/22, 3.586, 3.708, 3.584, 3.690
12/19/22, 3.489, 3.598, 3.481, 3.586
12/16/22, 3.448, 3.549, 3.448, 3.489
12/15/22, 3.479, 3.519, 3.434, 3.448
12/14/22, 3.508, 3.560, 3.467, 3.479
12/13/22, 3.615, 3.615, 3.435, 3.508
12/12/22, 3.584, 3.628, 3.523, 3.614
12/09/22, 3.487, 3.590, 3.455, 3.584
12/08/22, 3.425, 3.505, 3.425, 3.487
12/07/22, 3.533, 3.558, 3.408, 3.425
12/06/22, 3.585, 3.606, 3.515, 3.533
12/05/22, 3.494, 3.613, 3.494, 3.585
12/02/22, 3.511, 3.631, 3.482, 3.494
12/01/22, 3.606, 3.644, 3.507, 3.511
11/30/22, 3.749, 3.799, 3.603, 3.606
11/29/22, 3.685, 3.761, 3.653, 3.749
11/28/22, 3.688, 3.720, 3.624, 3.685
11/25/22, 3.700, 3.755, 3.652, 3.688
11/23/22, 3.758, 3.808, 3.693, 3.700
11/22/22, 3.833, 3.833, 3.753, 3.758
11/21/22, 3.827, 3.845, 3.765, 3.833
11/18/22, 3.771, 3.830, 3.750, 3.827
11/17/22, 3.694, 3.804, 3.688, 3.771
11/16/22, 3.774, 3.841, 3.673, 3.693
11/15/22, 3.860, 3.882, 3.758, 3.777
11/14/22, 3.819, 3.906, 3.819, 3.858
11/10/22, 4.098, 4.120, 3.816, 3.819
11/09/22, 4.133, 4.179, 4.075, 4.098
11/08/22, 4.216, 4.245, 4.123, 4.133
11/07/22, 4.164, 4.222, 4.125, 4.216
11/04/22, 4.154, 4.206, 4.113, 4.164
11/03/22, 4.105, 4.217, 4.103, 4.154
11/02/22, 4.046, 4.110, 3.978, 4.056
11/01/22, 4.054, 4.077, 3.927, 4.046
10/31/22, 4.016, 4.106, 4.016, 4.054
10/28/22, 3.924, 4.048, 3.913, 4.016
10/27/22, 4.006, 4.082, 3.904, 3.924
10/26/22, 4.103, 4.110, 4.001, 4.006
10/25/22, 4.248, 4.248, 4.057, 4.103
10/24/22, 4.228, 4.289, 4.133, 4.248
10/21/22, 4.232, 4.325, 4.205, 4.228
10/20/22, 4.139, 4.242, 4.106, 4.232
10/19/22, 4.011, 4.140, 4.008, 4.139
10/18/22, 4.016, 4.061, 3.965, 4.011
10/17/22, 4.024, 4.024, 3.913, 4.016
10/14/22, 3.945, 4.030, 3.856, 4.024
10/13/22, 3.900, 4.073, 3.843, 3.945
10/12/22, 3.945, 3.974, 3.892, 3.900
10/11/22, 3.889, 4.005, 3.876, 3.945
10/10/22, 3.889, 3.889, 3.889, 3.889
10/07/22, 3.824, 3.910, 3.817, 3.889
10/06/22, 3.757, 3.842, 3.732, 3.824
10/05/22, 3.637, 3.787, 3.613, 3.757
10/04/22, 3.636, 3.652, 3.563, 3.637
10/03/22, 3.829, 3.829, 3.579, 3.636
09/30/22, 3.788, 3.838, 3.683, 3.829
09/29/22, 3.736, 3.863, 3.732, 3.788
09/28/22, 3.948, 4.010, 3.701, 3.736
09/27/22, 3.919, 3.990, 3.803, 3.948
09/26/22, 3.688, 3.928, 3.688, 3.919
09/23/22, 3.715, 3.827, 3.663, 3.688
09/22/22, 3.531, 3.715, 3.510, 3.715
09/21/22, 3.564, 3.619, 3.501, 3.531
09/20/22, 3.492, 3.602, 3.475, 3.564
09/19/22, 3.453, 3.512, 3.450, 3.492
09/16/22, 3.455, 3.492, 3.416, 3.453
09/15/22, 3.408, 3.469, 3.397, 3.455
09/14/22, 3.415, 3.473, 3.387, 3.408
09/13/22, 3.358, 3.456, 3.294, 3.415
09/12/22, 3.314, 3.371, 3.265, 3.358
09/09/22, 3.323, 3.334, 3.242, 3.314
09/08/22, 3.267, 3.335, 3.198, 3.323
09/07/22, 3.349, 3.368, 3.250, 3.267
09/06/22, 3.199, 3.353, 3.199, 3.349
09/05/22, 3.199, 3.199, 3.199, 3.199
09/02/22, 3.264, 3.286, 3.181, 3.199
09/01/22, 3.194, 3.300, 3.186, 3.264
08/31/22, 3.110, 3.196, 3.095, 3.194
08/30/22, 3.104, 3.147, 3.057, 3.110
08/29/22, 3.043, 3.127, 3.043, 3.104
08/26/22, 3.029, 3.090, 3.015, 3.043
08/25/22, 3.108, 3.123, 3.027, 3.029
08/24/22, 3.049, 3.124, 3.027, 3.108
08/23/22, 3.027, 3.080, 2.984, 3.049
08/22/22, 2.973, 3.043, 2.946, 3.027
08/19/22, 2.883, 2.996, 2.872, 2.973
08/18/22, 2.900, 2.914, 2.837, 2.883
08/17/22, 2.812, 2.914, 2.809, 2.900
08/16/22, 2.787, 2.871, 2.774, 2.812
08/15/22, 2.836, 2.862, 2.763, 2.787
08/12/22, 2.891, 2.903, 2.838, 2.838
08/11/22, 2.788, 2.903, 2.731, 2.887
08/10/22, 2.785, 2.809, 2.689, 2.788
08/09/22, 2.758, 2.817, 2.748, 2.785
08/08/22, 2.834, 2.850, 2.744, 2.758
08/05/22, 2.697, 2.861, 2.672, 2.834
08/04/22, 2.705, 2.743, 2.660, 2.697
08/03/22, 2.753, 2.839, 2.701, 2.705
08/02/22, 2.572, 2.767, 2.524, 2.753
08/01/22, 2.651, 2.689, 2.572, 2.572
07/29/22, 2.676, 2.731, 2.621, 2.651
07/28/22, 2.790, 2.826, 2.658, 2.676
07/27/22, 2.806, 2.819, 2.729, 2.790
07/26/22, 2.804, 2.808, 2.717, 2.806
07/25/22, 2.759, 2.847, 2.759, 2.804
07/22/22, 2.881, 2.906, 2.740, 2.759
07/21/22, 3.031, 3.074, 2.879, 2.881
07/20/22, 3.026, 3.055, 2.949, 3.031
07/19/22, 2.986, 3.039, 2.960, 3.026
07/18/22, 2.919, 3.013, 2.913, 2.986
07/15/22, 2.964, 2.973, 2.909, 2.919
07/14/22, 2.936, 3.020, 2.917, 2.964
07/13/22, 2.976, 3.070, 2.901, 2.936
07/12/22, 2.995, 2.995, 2.904, 2.976
07/11/22, 3.084, 3.104, 2.973, 2.995
07/08/22, 3.002, 3.100, 2.971, 3.084
07/07/22, 2.935, 3.021, 2.902, 3.002
07/06/22, 2.805, 2.939, 2.749, 2.935
07/05/22, 2.894, 2.978, 2.786, 2.805
07/04/22, 2.894, 2.894, 2.894, 2.894
07/01/22, 3.013, 3.026, 2.798, 2.894
06/30/22, 3.096, 3.107, 2.973, 3.013
06/29/22, 3.180, 3.188, 3.091, 3.096
06/28/22, 3.210, 3.255, 3.172, 3.180
06/27/22, 3.136, 3.221, 3.123, 3.210
06/24/22, 3.090, 3.138, 3.044, 3.136
06/23/22, 3.163, 3.173, 3.015, 3.090
06/22/22, 3.284, 3.286, 3.134, 3.163
06/21/22, 3.236, 3.313, 3.234, 3.284
06/20/22, 3.236, 3.236, 3.236, 3.236
06/17/22, 3.201, 3.312, 3.201, 3.236
06/16/22, 3.289, 3.483, 3.187, 3.201
06/15/22, 3.480, 3.480, 3.288, 3.289
06/14/22, 3.364, 3.501, 3.266, 3.480
06/13/22, 3.163, 3.439, 3.037, 3.364
06/10/22, 3.046, 3.172, 3.018, 3.163
06/09/22, 3.022, 3.072, 3.010, 3.046
06/08/22, 2.983, 3.039, 2.983, 3.022
06/07/22, 3.049, 3.062, 2.963, 2.983
06/06/22, 2.940, 3.064, 2.932, 3.049
06/03/22, 2.912, 2.986, 2.902, 2.940
06/02/22, 2.914, 2.957, 2.891, 2.912
06/01/22, 2.853, 2.956, 2.842, 2.914
05/31/22, 2.745, 2.880, 2.745, 2.853
05/30/22, 2.745, 2.745, 2.745, 2.745
05/27/22, 2.751, 2.768, 2.716, 2.745
05/26/22, 2.751, 2.794, 2.707, 2.744
05/25/22, 2.754, 2.773, 2.717, 2.751
05/24/22, 2.854, 2.863, 2.724, 2.754
05/23/22, 2.785, 2.869, 2.785, 2.854
05/20/22, 2.846, 2.879, 2.779, 2.854
05/19/22, 2.889, 2.920, 2.778, 2.893
05/18/22, 2.990, 3.011, 2.880, 2.970
05/17/22, 2.883, 2.996, 2.879, 2.879
05/16/22, 2.918, 2.952, 2.855, 2.932
05/13/22, 2.852, 2.943, 2.852, 2.918
05/12/22, 2.931, 2.931, 2.816, 2.852
05/11/22, 2.994, 3.082, 2.907, 3.001
05/10/22, 3.040, 3.066, 2.945, 3.082
05/09/22, 3.140, 3.208, 3.028, 3.128
05/06/22, 3.043, 3.148, 3.042, 3.130
05/05/22, 2.937, 3.106, 2.929, 3.068
05/04/22, 2.969, 3.008, 2.910, 2.937
05/03/22, 2.981, 3.013, 2.912, 2.969
05/02/22, 2.934, 3.009, 2.906, 2.981
04/29/22, 2.826, 2.937, 2.826, 2.934
04/28/22, 2.834, 2.886, 2.799, 2.826
04/27/22, 2.730, 2.838, 2.719, 2.834
04/26/22, 2.896, 2.862, 2.725, 2.730
04/25/22, 2.896, 2.896, 2.761, 2.828
04/22/22, 2.911, 2.970, 2.868, 2.896
04/21/22, 2.840, 2.956, 2.837, 2.911
04/20/22, 2.941, 2.978, 2.828, 2.840
04/19/22, 2.861, 2.946, 2.838, 2.941
04/18/22, 2.830, 2.882, 2.816, 2.861
04/15/22, 2.830, 2.830, 2.830, 2.830
04/14/22, 2.698, 2.834, 2.654, 2.828
04/13/22, 2.730, 2.790, 2.655, 2.698
04/12/22, 2.782, 2.834, 2.678, 2.777
04/11/22, 2.710, 2.792, 2.710, 2.782
04/08/22, 2.664, 2.728, 2.627, 2.659
04/07/22, 2.599, 2.669, 2.559, 2.615
04/06/22, 2.554, 2.660, 2.554, 2.599
04/05/22, 2.405, 2.565, 2.387, 2.554
04/04/22, 2.385, 2.431, 2.374, 2.405
04/01/22, 2.339, 2.454, 2.339, 2.385
03/31/22, 2.354, 2.361, 2.313, 2.339
03/30/22, 2.401, 2.431, 2.341, 2.354
03/29/22, 2.465, 2.531, 2.384, 2.401
03/28/22, 2.479, 2.547, 2.416, 2.465
03/25/22, 2.375, 2.503, 2.345, 2.479
03/24/22, 2.295, 2.399, 2.295, 2.375
03/23/22, 2.385, 2.418, 2.287, 2.295
03/22/22, 2.294, 2.390, 2.291, 2.385
03/21/22, 2.153, 2.321, 2.152, 2.294
03/18/22, 2.177, 2.186, 2.137, 2.153
03/17/22, 2.196, 2.215, 2.110, 2.177
03/16/22, 2.148, 2.248, 2.137, 2.196
03/15/22, 2.144, 2.166, 2.079, 2.148
03/14/22, 1.998, 2.147, 1.998, 2.144
03/11/22, 1.994, 2.025, 1.962, 1.998
03/10/22, 1.955, 2.021, 1.922, 1.994
03/09/22, 1.848, 1.955, 1.839, 1.955
03/08/22, 1.772, 1.877, 1.760, 1.848
03/07/22, 1.732, 1.804, 1.678, 1.772
03/04/22, 1.845, 1.851, 1.699, 1.732
03/03/22, 1.878, 1.895, 1.830, 1.845
03/02/22, 1.725, 1.893, 1.704, 1.878
03/01/22, 1.828, 1.867, 1.683, 1.725
02/28/22, 1.969, 1.969, 1.822, 1.828
02/25/22, 1.971, 2.018, 1.935, 1.969
02/24/22, 1.997, 1.997, 1.847, 1.971
02/23/22, 1.944, 1.999, 1.942, 1.997
02/22/22, 1.928, 1.962, 1.849, 1.944
02/21/22, 1.928, 1.928, 1.928, 1.928
02/18/22, 1.964, 1.995, 1.921, 1.928
02/17/22, 2.042, 2.042, 1.959, 1.964
02/16/22, 2.048, 2.065, 2.005, 2.042
02/15/22, 1.988, 2.057, 1.970, 2.048
02/14/22, 1.943, 2.029, 1.906, 1.988
02/11/22, 2.033, 2.064, 1.913, 1.943
02/10/22, 1.947, 2.057, 1.921, 2.033
02/09/22, 1.964, 1.964, 1.909, 1.947
02/08/22, 1.921, 1.971, 1.921, 1.964
02/07/22, 1.913, 1.940, 1.894, 1.921
02/04/22, 1.839, 1.938, 1.810, 1.913
02/03/22, 1.779, 1.849, 1.758, 1.839
02/02/22, 1.792, 1.811, 1.745, 1.779
02/01/22, 1.781, 1.821, 1.740, 1.792
01/31/22, 1.771, 1.812, 1.770, 1.781
01/28/22, 1.804, 1.850, 1.770, 1.771
01/27/22, 1.869, 1.869, 1.784, 1.804
01/26/22, 1.776, 1.877, 1.768, 1.869
01/25/22, 1.771, 1.794, 1.733, 1.776
01/24/22, 1.763, 1.784, 1.710, 1.771
01/21/22, 1.810, 1.810, 1.735, 1.763
01/20/22, 1.869, 1.869, 1.807, 1.810
01/19/22, 1.876, 1.900, 1.826, 1.869
01/18/22, 1.792, 1.879, 1.792, 1.876
01/16/22, 1.792, 1.792, 1.792, 1.792
01/14/22, 1.703, 1.795, 1.703, 1.792
01/13/22, 1.746, 1.762, 1.694, 1.703
01/12/22, 1.742, 1.754, 1.711, 1.746
01/11/22, 1.766, 1.782, 1.738, 1.742
01/10/22, 1.767, 1.809, 1.760, 1.766
01/07/22, 1.724, 1.801, 1.710, 1.767
01/06/22, 1.706, 1.751, 1.688, 1.724
01/05/22, 1.653, 1.711, 1.639, 1.706
01/04/22, 1.631, 1.688, 1.616, 1.653
01/03/22, 1.514, 1.641, 1.514, 1.631
12/31/21, 1.510, 1.525, 1.500, 1.514
12/30/21, 1.557, 1.557, 1.503, 1.510
12/29/21, 1.486, 1.561, 1.470, 1.557
12/28/21, 1.479, 1.492, 1.456, 1.486
12/27/21, 1.495, 1.495, 1.476, 1.479
12/23/21, 1.455, 1.500, 1.454, 1.495
12/22/21, 1.461, 1.486, 1.448, 1.455
12/21/21, 1.428, 1.498, 1.414, 1.461
12/20/21, 1.407, 1.431, 1.354, 1.428
12/17/21, 1.417, 1.435, 1.374, 1.407
12/16/21, 1.457, 1.480, 1.417, 1.417
12/15/21, 1.446, 1.479, 1.426, 1.457
12/14/21, 1.414, 1.470, 1.414, 1.446
12/13/21, 1.486, 1.508, 1.411, 1.414
12/10/21, 1.502, 1.518, 1.451, 1.486
12/09/21, 1.526, 1.534, 1.473, 1.502
12/08/21, 1.476, 1.532, 1.427, 1.479
12/07/21, 1.435, 1.484, 1.428, 1.476
12/06/21, 1.357, 1.442, 1.357, 1.435
12/03/21, 1.447, 1.468, 1.341, 1.357
12/02/21, 1.408, 1.466, 1.408, 1.447
12/01/21, 1.450, 1.505, 1.404, 1.408
11/30/21, 1.500, 1.524, 1.415, 1.450
11/29/21, 1.479, 1.564, 1.479, 1.500
11/26/21, 1.641, 1.641, 1.479, 1.479
11/25/21, 1.641, 1.641, 1.641, 1.641
11/24/21, 1.669, 1.697, 1.630, 1.666
11/23/21, 1.630, 1.682, 1.619, 1.631
11/22/21, 1.549, 1.637, 1.549, 1.538
11/19/21, 1.590, 1.606, 1.516, 1.549
11/18/21, 1.592, 1.613, 1.578, 1.608
11/17/21, 1.640, 1.651, 1.586, 1.592
11/16/21, 1.622, 1.647, 1.595, 1.640
11/15/21, 1.566, 1.632, 1.541, 1.584
11/12/21, 1.554, 1.586, 1.541, 1.566
11/10/21, 1.441, 1.577, 1.441, 1.554
11/09/21, 1.492, 1.492, 1.418, 1.441
11/08/21, 1.453, 1.504, 1.453, 1.492
11/05/21, 1.529, 1.554, 1.438, 1.453
11/04/21, 1.606, 1.607, 1.511, 1.584
11/03/21, 1.553, 1.608, 1.523, 1.606
11/02/21, 1.562, 1.575, 1.530, 1.553
11/01/21, 1.560, 1.601, 1.555, 1.562
10/29/21, 1.579, 1.623, 1.536, 1.560
10/28/21, 1.549, 1.581, 1.534, 1.579
10/27/21, 1.610, 1.635, 1.521, 1.549
10/26/21, 1.635, 1.652, 1.608, 1.610
10/25/21, 1.636, 1.672, 1.623, 1.635
10/22/21, 1.702, 1.702, 1.633, 1.636
10/21/21, 1.660, 1.702, 1.643, 1.702
10/20/21, 1.639, 1.670, 1.620, 1.660
10/19/21, 1.596, 1.643, 1.567, 1.639
10/18/21, 1.575, 1.627, 1.575, 1.596
10/15/21, 1.516, 1.579, 1.516, 1.575
10/14/21, 1.539, 1.562, 1.511, 1.516
10/13/21, 1.575, 1.603, 1.529, 1.539
10/12/21, 1.613, 1.630, 1.568, 1.575
10/10/21, 1.613, 1.613, 1.613, 1.613
10/08/21, 1.577, 1.615, 1.559, 1.613
10/07/21, 1.524, 1.578, 1.517, 1.577
10/06/21, 1.529, 1.572, 1.510, 1.524
10/05/21, 1.482, 1.539, 1.477, 1.529
10/04/21, 1.463, 1.508, 1.455, 1.482
10/01/21, 1.487, 1.509, 1.462, 1.463
09/30/21, 1.521, 1.555, 1.486, 1.487
09/29/21, 1.541, 1.559, 1.499, 1.521
09/28/21, 1.485, 1.562, 1.480, 1.541
09/27/21, 1.454, 1.512, 1.445, 1.485
09/24/21, 1.435, 1.463, 1.406, 1.454
09/23/21, 1.311, 1.435, 1.307, 1.435
09/22/21, 1.325, 1.344, 1.296, 1.311
09/21/21, 1.313, 1.347, 1.306, 1.325
09/20/21, 1.371, 1.371, 1.303, 1.313
09/17/21, 1.335, 1.384, 1.328, 1.371
09/16/21, 1.301, 1.351, 1.295, 1.335
09/15/21, 1.291, 1.319, 1.263, 1.301
09/14/21, 1.326, 1.348, 1.274, 1.291
09/13/21, 1.340, 1.350, 1.313, 1.326
09/10/21, 1.303, 1.344, 1.300, 1.341
09/09/21, 1.344, 1.347, 1.292, 1.303
09/08/21, 1.373, 1.377, 1.338, 1.344
09/07/21, 1.326, 1.383, 1.326, 1.373
09/05/21, 1.326, 1.326, 1.326, 1.326
09/03/21, 1.289, 1.335, 1.284, 1.326
09/02/21, 1.300, 1.305, 1.286, 1.289
09/01/21, 1.308, 1.337, 1.291, 1.300
08/31/21, 1.280, 1.309, 1.268, 1.308
08/30/21, 1.305, 1.318, 1.276, 1.280
08/27/21, 1.357, 1.359, 1.304, 1.314
08/26/21, 1.349, 1.369, 1.332, 1.357
08/25/21, 1.295, 1.349, 1.286, 1.349
08/24/21, 1.252, 1.295, 1.252, 1.295
08/23/21, 1.261, 1.282, 1.233, 1.252
08/20/21, 1.246, 1.263, 1.227, 1.261
08/19/21, 1.262, 1.268, 1.222, 1.246
08/18/21, 1.264, 1.299, 1.257, 1.262
08/17/21, 1.276, 1.276, 1.219, 1.264
08/16/21, 1.286, 1.288, 1.240, 1.276
08/13/21, 1.362, 1.366, 1.285, 1.286
08/12/21, 1.337, 1.380, 1.336, 1.362
08/11/21, 1.357, 1.379, 1.306, 1.337
08/10/21, 1.323, 1.364, 1.306, 1.357
08/09/21, 1.303, 1.328, 1.268, 1.323
08/06/21, 1.224, 1.310, 1.222, 1.303
08/05/21, 1.184, 1.227, 1.168, 1.224
08/04/21, 1.175, 1.215, 1.132, 1.184
08/03/21, 1.178, 1.200, 1.154, 1.175
08/02/21, 1.228, 1.246, 1.146, 1.178
07/30/21, 1.272, 1.272, 1.226, 1.228
07/29/21, 1.234, 1.289, 1.231, 1.272
07/28/21, 1.247, 1.273, 1.226, 1.234
07/27/21, 1.297, 1.297, 1.231, 1.247
07/26/21, 1.276, 1.301, 1.221, 1.297
07/23/21, 1.280, 1.312, 1.271, 1.276
07/22/21, 1.292, 1.319, 1.229, 1.280
07/21/21, 1.224, 1.302, 1.194, 1.292
07/20/21, 1.194, 1.225, 1.133, 1.224
07/19/21, 1.294, 1.295, 1.182, 1.194
07/16/21, 1.299, 1.341, 1.293, 1.294
07/15/21, 1.345, 1.351, 1.295, 1.299
07/14/21, 1.423, 1.423, 1.338, 1.345
07/13/21, 1.365, 1.437, 1.331, 1.423
07/12/21, 1.360, 1.378, 1.324, 1.365
07/09/21, 1.298, 1.363, 1.298, 1.360
07/08/21, 1.319, 1.323, 1.246, 1.298
07/07/21, 1.351, 1.372, 1.288, 1.319
07/06/21, 1.437, 1.449, 1.349, 1.351
07/04/21, 1.437, 1.437, 1.437, 1.437
07/02/21, 1.455, 1.472, 1.426, 1.437
07/01/21, 1.469, 1.482, 1.449, 1.455
06/30/21, 1.472, 1.484, 1.436, 1.469
06/29/21, 1.478, 1.510, 1.470, 1.472
06/28/21, 1.528, 1.536, 1.466, 1.478
06/25/21, 1.493, 1.556, 1.482, 1.528
06/24/21, 1.486, 1.506, 1.473, 1.493
06/23/21, 1.467, 1.496, 1.462, 1.486
06/22/21, 1.499, 1.519, 1.463, 1.467
06/21/21, 1.438, 1.502, 1.351, 1.499
06/18/21, 1.509, 1.525, 1.431, 1.438
06/17/21, 1.580, 1.595, 1.446, 1.509
06/16/21, 1.498, 1.585, 1.481, 1.580
06/15/21, 1.498, 1.516, 1.480, 1.498
06/14/21, 1.453, 1.507, 1.453, 1.498
06/11/21, 1.441, 1.473, 1.428, 1.453
06/10/21, 1.490, 1.533, 1.440, 1.441
06/09/21, 1.543, 1.543, 1.470, 1.490
06/08/21, 1.573, 1.573, 1.515, 1.543
06/07/21, 1.554, 1.585, 1.554, 1.573
06/04/21, 1.625, 1.638, 1.548, 1.554
06/03/21, 1.588, 1.633, 1.584, 1.625
06/02/21, 1.613, 1.621, 1.587, 1.588
06/01/21, 1.584, 1.647, 1.584, 1.613
05/30/21, 1.584, 1.584, 1.584, 1.584
05/28/21, 1.611, 1.627, 1.582, 1.584
05/27/21, 1.578, 1.625, 1.571, 1.605
05/26/21, 1.558, 1.583, 1.550, 1.578
05/25/21, 1.603, 1.613, 1.554, 1.558
05/24/21, 1.619, 1.628, 1.590, 1.603
05/21/21, 1.624, 1.640, 1.610, 1.619
05/20/21, 1.675, 1.681, 1.622, 1.624
05/19/21, 1.639, 1.695, 1.620, 1.675
05/18/21, 1.652, 1.661, 1.624, 1.639
05/17/21, 1.626, 1.655, 1.607, 1.652
05/14/21, 1.660, 1.668, 1.624, 1.626
05/13/21, 1.700, 1.705, 1.655, 1.661
05/12/21, 1.619, 1.702, 1.612, 1.700
05/11/21, 1.604, 1.626, 1.588, 1.619
05/10/21, 1.577, 1.608, 1.568, 1.604
05/07/21, 1.568, 1.584, 1.489, 1.577
05/06/21, 1.576, 1.587, 1.561, 1.568
05/05/21, 1.593, 1.617, 1.571, 1.576
05/04/21, 1.606, 1.626, 1.559, 1.593
05/03/21, 1.625, 1.650, 1.595, 1.606
04/30/21, 1.643, 1.660, 1.625, 1.625
04/29/21, 1.614, 1.680, 1.614, 1.643
04/28/21, 1.619, 1.657, 1.611, 1.614
04/27/21, 1.575, 1.626, 1.567, 1.620
04/26/21, 1.564, 1.601, 1.561, 1.575
04/23/21, 1.545, 1.575, 1.537, 1.564
04/22/21, 1.561, 1.587, 1.532, 1.545
04/21/21, 1.562, 1.587, 1.557, 1.561
04/20/21, 1.603, 1.631, 1.560, 1.562
04/19/21, 1.584, 1.608, 1.556, 1.603
04/16/21, 1.577, 1.594, 1.554, 1.584
04/15/21, 1.632, 1.647, 1.536, 1.577
04/14/21, 1.622, 1.650, 1.613, 1.632
04/13/21, 1.669, 1.702, 1.619, 1.622
04/12/21, 1.660, 1.683, 1.647, 1.669
04/09/21, 1.629, 1.688, 1.623, 1.660
04/08/21, 1.674, 1.675, 1.628, 1.629
04/07/21, 1.658, 1.674, 1.635, 1.674
04/06/21, 1.702, 1.720, 1.652, 1.658
04/05/21, 1.720, 1.741, 1.698, 1.702
04/02/21, 1.676, 1.724, 1.672, 1.720
04/01/21, 1.745, 1.752, 1.675, 1.676
03/31/21, 1.722, 1.748, 1.708, 1.745
03/30/21, 1.715, 1.778, 1.708, 1.722
03/29/21, 1.685, 1.721, 1.637, 1.715
03/26/21, 1.637, 1.685, 1.623, 1.685
03/25/21, 1.617, 1.635, 1.595, 1.628
03/24/21, 1.627, 1.645, 1.594, 1.617
03/23/21, 1.697, 1.698, 1.627, 1.627
03/22/21, 1.726, 1.726, 1.665, 1.697
03/19/21, 1.712, 1.743, 1.674, 1.726
03/18/21, 1.645, 1.757, 1.635, 1.712
03/17/21, 1.617, 1.684, 1.615, 1.645
03/16/21, 1.610, 1.623, 1.591, 1.617
03/15/21, 1.629, 1.639, 1.601, 1.610
03/12/21, 1.538, 1.635, 1.536, 1.629
03/11/21, 1.518, 1.554, 1.479, 1.538
03/10/21, 1.532, 1.571, 1.506, 1.518
03/09/21, 1.599, 1.599, 1.526, 1.596
03/08/21, 1.568, 1.617, 1.568, 1.599
03/05/21, 1.564, 1.614, 1.538, 1.568
03/04/21, 1.485, 1.566, 1.453, 1.564
03/03/21, 1.405, 1.498, 1.400, 1.485
03/02/21, 1.426, 1.456, 1.391, 1.405
03/01/21, 1.415, 1.458, 1.387, 1.426
02/26/21, 1.525, 1.552, 1.409, 1.415
02/25/21, 1.382, 1.556, 1.375, 1.525
02/24/21, 1.349, 1.429, 1.331, 1.382
02/23/21, 1.364, 1.383, 1.347, 1.349
02/22/21, 1.340, 1.393, 1.328, 1.364
02/19/21, 1.298, 1.363, 1.285, 1.340
02/18/21, 1.274, 1.316, 1.260, 1.298
02/17/21, 1.316, 1.332, 1.274, 1.274
02/16/21, 1.210, 1.316, 1.210, 1.316
02/14/21, 1.210, 1.210, 1.210, 1.210
02/12/21, 1.167, 1.212, 1.150, 1.210
02/11/21, 1.130, 1.172, 1.130, 1.167
02/10/21, 1.161, 1.176, 1.128, 1.130
02/09/21, 1.168, 1.171, 1.141, 1.161
02/08/21, 1.169, 1.201, 1.145, 1.168
02/05/21, 1.148, 1.189, 1.129, 1.169
02/04/21, 1.139, 1.162, 1.125, 1.148
02/03/21, 1.101, 1.145, 1.101, 1.139
02/02/21, 1.078, 1.121, 1.073, 1.101
02/01/21, 1.064, 1.089, 1.061, 1.078
01/29/21, 1.050, 1.104, 1.043, 1.064
01/28/21, 1.016, 1.065, 1.004, 1.050
01/27/21, 1.041, 1.053, 1.007, 1.016
01/26/21, 1.033, 1.053, 1.030, 1.041
01/25/21, 1.086, 1.105, 1.025, 1.033
01/22/21, 1.113, 1.120, 1.083, 1.086
01/21/21, 1.083, 1.118, 1.076, 1.113
01/20/21, 1.095, 1.107, 1.079, 1.083
01/19/21, 1.090, 1.121, 1.080, 1.095
01/17/21, 1.090, 1.090, 1.090, 1.090
01/15/21, 1.128, 1.128, 1.088, 1.090
01/14/21, 1.087, 1.134, 1.079, 1.128
01/13/21, 1.134, 1.134, 1.074, 1.087
01/12/21, 1.145, 1.185, 1.132, 1.134
01/11/21, 1.120, 1.147, 1.098, 1.145
01/08/21, 1.084, 1.133, 1.077, 1.120
01/07/21, 1.039, 1.090, 1.029, 1.084
01/06/21, 0.957, 1.059, 0.943, 1.039
01/05/21, 0.917, 0.969, 0.917, 0.957
01/04/21, 0.919, 0.957, 0.903, 0.917
12/31/20, 0.926, 0.932, 0.912, 0.919
12/30/20, 0.941, 0.958, 0.924, 0.926
12/29/20, 0.926, 0.953, 0.926, 0.938
12/28/20, 0.933, 0.964, 0.921, 0.926
12/24/20, 0.950, 0.956, 0.933, 0.933
12/23/20, 0.920, 0.969, 0.908, 0.950
12/22/20, 0.936, 0.941, 0.918, 0.920
12/21/20, 0.946, 0.946, 0.887, 0.936
12/18/20, 0.937, 0.956, 0.915, 0.946
12/17/20, 0.916, 0.945, 0.895, 0.937
12/16/20, 0.913, 0.951, 0.902, 0.916
12/15/20, 0.896, 0.923, 0.887, 0.913
12/14/20, 0.897, 0.936, 0.889, 0.896
12/11/20, 0.907, 0.916, 0.877, 0.897
12/10/20, 0.942, 0.943, 0.900, 0.907
12/09/20, 0.919, 0.958, 0.919, 0.942
12/08/20, 0.926, 0.941, 0.903, 0.919
12/07/20, 0.970, 0.972, 0.924, 0.926
12/04/20, 0.910, 0.986, 0.906, 0.970
12/03/20, 0.935, 0.946, 0.897, 0.910
12/02/20, 0.928, 0.964, 0.912, 0.935
12/01/20, 0.845, 0.946, 0.839, 0.928
11/30/20, 0.846, 0.860, 0.834, 0.845
11/27/20, 0.886, 0.886, 0.843, 0.846
11/25/20, 0.882, 0.898, 0.858, 0.886
11/24/20, 0.855, 0.890, 0.855, 0.882
11/23/20, 0.829, 0.868, 0.825, 0.855
11/20/20, 0.835, 0.848, 0.821, 0.829
11/19/20, 0.873, 0.873, 0.827, 0.835
11/18/20, 0.860, 0.891, 0.838, 0.873
11/17/20, 0.904, 0.916, 0.860, 0.860
11/16/20, 0.895, 0.928, 0.873, 0.904
11/13/20, 0.884, 0.903, 0.866, 0.895
11/12/20, 0.979, 0.979, 0.875, 0.884
11/10/20, 0.935, 0.971, 0.910, 0.964
11/09/20, 0.815, 0.971, 0.797, 0.935
11/06/20, 0.770, 0.839, 0.757, 0.815
11/05/20, 0.769, 0.803, 0.721, 0.770
11/04/20, 0.898, 0.937, 0.715, 0.769
11/03/20, 0.857, 0.899, 0.844, 0.898
11/02/20, 0.879, 0.879, 0.829, 0.857
10/30/20, 0.827, 0.882, 0.805, 0.879
10/29/20, 0.772, 0.841, 0.772, 0.827
10/28/20, 0.775, 0.785, 0.749, 0.772
10/27/20, 0.804, 0.809, 0.767, 0.775
10/26/20, 0.842, 0.851, 0.786, 0.804
10/23/20, 0.866, 0.870, 0.832, 0.842
10/22/20, 0.823, 0.876, 0.808, 0.866
10/21/20, 0.789, 0.831, 0.789, 0.823
10/20/20, 0.771, 0.805, 0.765, 0.789
10/19/20, 0.746, 0.781, 0.746, 0.771
10/16/20, 0.737, 0.755, 0.721, 0.746
10/15/20, 0.731, 0.741, 0.694, 0.737
10/14/20, 0.731, 0.736, 0.707, 0.731
10/13/20, 0.777, 0.778, 0.719, 0.731
10/11/20, 0.777, 0.777, 0.777, 0.777
10/09/20, 0.781, 0.800, 0.757, 0.777
10/08/20, 0.795, 0.795, 0.757, 0.781
10/07/20, 0.743, 0.799, 0.738, 0.795
10/06/20, 0.788, 0.789, 0.731, 0.743
10/05/20, 0.698, 0.791, 0.662, 0.788
10/02/20, 0.677, 0.717, 0.650, 0.698
10/01/20, 0.684, 0.720, 0.663, 0.677
09/30/20, 0.654, 0.702, 0.641, 0.684
09/29/20, 0.661, 0.664, 0.639, 0.654
09/28/20, 0.658, 0.677, 0.655, 0.661
09/25/20, 0.669, 0.679, 0.652, 0.658
09/24/20, 0.676, 0.680, 0.662, 0.669
09/23/20, 0.676, 0.694, 0.658, 0.676
09/22/20, 0.668, 0.679, 0.661, 0.676
09/21/20, 0.701, 0.701, 0.649, 0.668
09/18/20, 0.693, 0.703, 0.668, 0.701
09/17/20, 0.698, 0.699, 0.646, 0.693
09/16/20, 0.682, 0.702, 0.662, 0.698
09/15/20, 0.679, 0.694, 0.667, 0.682
09/14/20, 0.671, 0.681, 0.656, 0.679
09/11/20, 0.680, 0.694, 0.667, 0.671
09/10/20, 0.705, 0.720, 0.675, 0.680
09/09/20, 0.678, 0.707, 0.662, 0.705
09/08/20, 0.721, 0.723, 0.643, 0.678
09/06/20, 0.721, 0.721, 0.721, 0.721
09/04/20, 0.639, 0.724, 0.630, 0.721
09/03/20, 0.647, 0.669, 0.608, 0.639
09/02/20, 0.678, 0.694, 0.639, 0.647
09/01/20, 0.706, 0.729, 0.667, 0.678
08/31/20, 0.720, 0.743, 0.690, 0.706
08/28/20, 0.755, 0.788, 0.712, 0.720
08/27/20, 0.697, 0.761, 0.655, 0.755
08/26/20, 0.688, 0.719, 0.686, 0.697
08/25/20, 0.658, 0.710, 0.655, 0.688
08/24/20, 0.636, 0.659, 0.621, 0.658
08/21/20, 0.652, 0.661, 0.624, 0.636
08/20/20, 0.683, 0.684, 0.636, 0.652
08/19/20, 0.665, 0.691, 0.644, 0.683
08/18/20, 0.692, 0.692, 0.653, 0.665
08/17/20, 0.707, 0.718, 0.662, 0.692
08/14/20, 0.723, 0.726, 0.687, 0.709
08/13/20, 0.679, 0.728, 0.652, 0.723
08/12/20, 0.644, 0.691, 0.628, 0.679
08/11/20, 0.583, 0.662, 0.570, 0.644
08/10/20, 0.568, 0.586, 0.543, 0.583
08/07/20, 0.540, 0.576, 0.518, 0.568
08/06/20, 0.555, 0.555, 0.505, 0.540
08/05/20, 0.508, 0.558, 0.505, 0.555
08/04/20, 0.559, 0.563, 0.502, 0.508
08/03/20, 0.535, 0.570, 0.531, 0.559
07/31/20, 0.556, 0.560, 0.522, 0.535
07/30/20, 0.577, 0.581, 0.544, 0.556
07/29/20, 0.582, 0.595, 0.564, 0.577
07/28/20, 0.612, 0.635, 0.577, 0.582
07/27/20, 0.591, 0.613, 0.569, 0.612
07/24/20, 0.585, 0.595, 0.557, 0.591
07/23/20, 0.597, 0.600, 0.568, 0.585
07/22/20, 0.602, 0.609, 0.581, 0.597
07/21/20, 0.615, 0.627, 0.594, 0.602
07/20/20, 0.634, 0.634, 0.604, 0.615
07/17/20, 0.619, 0.636, 0.597, 0.634
07/16/20, 0.632, 0.633, 0.596, 0.619
07/15/20, 0.626, 0.659, 0.614, 0.632
07/14/20, 0.619, 0.635, 0.602, 0.626
07/13/20, 0.645, 0.666, 0.615, 0.619
07/10/20, 0.609, 0.648, 0.572, 0.645
07/09/20, 0.666, 0.666, 0.596, 0.609
07/08/20, 0.646, 0.675, 0.638, 0.666
07/07/20, 0.679, 0.692, 0.637, 0.646
07/06/20, 0.673, 0.711, 0.672, 0.679
07/02/20, 0.678, 0.712, 0.665, 0.673
07/01/20, 0.654, 0.706, 0.654, 0.678
06/30/20, 0.625, 0.666, 0.616, 0.654
06/29/20, 0.647, 0.657, 0.625, 0.625
06/26/20, 0.685, 0.685, 0.632, 0.647
06/25/20, 0.683, 0.690, 0.661, 0.685
06/24/20, 0.719, 0.730, 0.681, 0.683
06/23/20, 0.706, 0.733, 0.683, 0.719
06/22/20, 0.700, 0.710, 0.674, 0.706
06/19/20, 0.709, 0.742, 0.685, 0.700
06/18/20, 0.734, 0.741, 0.690, 0.709
06/17/20, 0.757, 0.766, 0.724, 0.734
06/16/20, 0.730, 0.783, 0.725, 0.757
06/15/20, 0.704, 0.730, 0.653, 0.730
06/12/20, 0.673, 0.721, 0.668, 0.704
06/11/20, 0.725, 0.730, 0.649, 0.673
06/10/20, 0.829, 0.834, 0.722, 0.725
06/09/20, 0.882, 0.882, 0.807, 0.829
06/08/20, 0.902, 0.929, 0.861, 0.882
06/05/20, 0.828, 0.954, 0.803, 0.902
06/04/20, 0.745, 0.833, 0.737, 0.828
06/03/20, 0.685, 0.771, 0.685, 0.745
06/02/20, 0.660, 0.691, 0.648, 0.685
06/01/20, 0.659, 0.693, 0.639, 0.660
05/29/20, 0.695, 0.695, 0.642, 0.659
05/28/20, 0.687, 0.715, 0.674, 0.695
05/27/20, 0.701, 0.728, 0.664, 0.687
05/26/20, 0.661, 0.715, 0.653, 0.701
05/24/20, 0.661, 0.661, 0.661, 0.661
05/22/20, 0.673, 0.675, 0.627, 0.661
05/21/20, 0.683, 0.690, 0.655, 0.673
05/20/20, 0.696, 0.723, 0.670, 0.683
05/19/20, 0.728, 0.739, 0.684, 0.696
05/18/20, 0.646, 0.742, 0.638, 0.728
05/15/20, 0.620, 0.650, 0.594, 0.646
05/14/20, 0.649, 0.652, 0.602, 0.620
05/13/20, 0.671, 0.673, 0.630, 0.649
05/12/20, 0.715, 0.725, 0.664, 0.671
05/11/20, 0.690, 0.728, 0.671, 0.715
05/08/20, 0.638, 0.692, 0.615, 0.690
05/07/20, 0.705, 0.715, 0.622, 0.638
05/06/20, 0.663, 0.747, 0.663, 0.705
05/05/20, 0.641, 0.677, 0.635, 0.663
05/04/20, 0.616, 0.651, 0.597, 0.641
05/01/20, 0.644, 0.647, 0.594, 0.616
04/30/20, 0.628, 0.650, 0.578, 0.644
04/29/20, 0.615, 0.648, 0.579, 0.628
04/28/20, 0.664, 0.672, 0.599, 0.615
04/27/20, 0.606, 0.668, 0.603, 0.664
04/24/20, 0.609, 0.622, 0.583, 0.606
04/23/20, 0.626, 0.635, 0.591, 0.609
04/22/20, 0.570, 0.636, 0.548, 0.626
04/21/20, 0.608, 0.623, 0.544, 0.570
04/20/20, 0.643, 0.653, 0.601, 0.608
04/17/20, 0.624, 0.691, 0.591, 0.643
04/16/20, 0.637, 0.657, 0.591, 0.624
04/15/20, 0.754, 0.755, 0.621, 0.637
04/14/20, 0.767, 0.775, 0.727, 0.754
04/13/20, 0.729, 0.770, 0.719, 0.767
04/09/20, 0.770, 0.785, 0.712, 0.729
04/08/20, 0.715, 0.790, 0.699, 0.770
04/07/20, 0.678, 0.790, 0.672, 0.715
04/06/20, 0.596, 0.691, 0.596, 0.678
04/03/20, 0.595, 0.615, 0.568, 0.596
04/02/20, 0.582, 0.640, 0.567, 0.595
04/01/20, 0.677, 0.677, 0.575, 0.582
03/31/20, 0.723, 0.725, 0.648, 0.677
03/30/20, 0.683, 0.726, 0.599, 0.723
03/27/20, 0.850, 0.858, 0.670, 0.683
03/26/20, 0.862, 0.862, 0.764, 0.852
03/25/20, 0.848, 0.882, 0.776, 0.862
03/24/20, 0.788, 0.893, 0.774, 0.848
03/23/20, 0.854, 0.854, 0.695, 0.788
03/20/20, 1.158, 1.158, 0.852, 0.854
03/19/20, 1.185, 1.266, 1.046, 1.158
03/18/20, 1.083, 1.271, 0.991, 1.185
03/17/20, 0.733, 1.096, 0.733, 1.083
03/16/20, 0.981, 0.981, 0.631, 0.734
03/13/20, 0.794, 1.015, 0.722, 0.981
03/12/20, 0.872, 0.909, 0.649, 0.794
03/11/20, 0.809, 0.890, 0.647, 0.872
03/10/20, 0.569, 0.811, 0.565, 0.809
03/09/20, 0.767, 0.767, 0.380, 0.569
03/06/20, 0.915, 0.915, 0.663, 0.767
03/05/20, 1.062, 1.062, 0.898, 0.915
03/04/20, 0.997, 1.064, 0.933, 1.062
03/03/20, 1.167, 1.171, 0.919, 0.997
03/02/20, 1.156, 1.167, 1.031, 1.167
02/28/20, 1.264, 1.283, 1.099, 1.156
02/27/20, 1.333, 1.333, 1.242, 1.264
02/26/20, 1.354, 1.384, 1.300, 1.333
02/25/20, 1.374, 1.418, 1.309, 1.354
02/24/20, 1.475, 1.481, 1.355, 1.374
02/21/20, 1.519, 1.526, 1.439, 1.475
02/20/20, 1.566, 1.584, 1.508, 1.519
02/19/20, 1.562, 1.584, 1.549, 1.566
02/18/20, 1.588, 1.588, 1.542, 1.562
02/16/20, 1.588, 1.588, 1.588, 1.588
02/14/20, 1.618, 1.618, 1.572, 1.588
02/13/20, 1.637, 1.637, 1.569, 1.618
02/12/20, 1.606, 1.642, 1.598, 1.637
02/11/20, 1.574, 1.607, 1.574, 1.606
02/10/20, 1.584, 1.600, 1.544, 1.574
02/07/20, 1.643, 1.648, 1.571, 1.584
02/06/20, 1.654, 1.685, 1.634, 1.643
02/05/20, 1.602, 1.660, 1.576, 1.654
02/04/20, 1.532, 1.619, 1.522, 1.602
02/03/20, 1.509, 1.574, 1.509, 1.532
01/31/20, 1.588, 1.599, 1.499, 1.509
01/30/20, 1.584, 1.595, 1.536, 1.588
01/29/20, 1.659, 1.666, 1.581, 1.584
01/28/20, 1.610, 1.662, 1.571, 1.659
01/27/20, 1.688, 1.688, 1.599, 1.610
01/24/20, 1.734, 1.766, 1.669, 1.688
01/23/20, 1.774, 1.774, 1.715, 1.734
01/22/20, 1.771, 1.796, 1.757, 1.774
01/21/20, 1.823, 1.826, 1.761, 1.771
01/20/20, 1.823, 1.823, 1.823, 1.823
01/17/20, 1.812, 1.852, 1.812, 1.823
01/16/20, 1.787, 1.820, 1.776, 1.812
01/15/20, 1.814, 1.819, 1.780, 1.787
01/14/20, 1.850, 1.865, 1.813, 1.814
01/13/20, 1.822, 1.857, 1.822, 1.850
01/10/20, 1.860, 1.873, 1.814, 1.822
01/09/20, 1.874, 1.899, 1.847, 1.860
01/08/20, 1.823, 1.880, 1.711, 1.874
01/07/20, 1.810, 1.832, 1.797, 1.823
01/06/20, 1.789, 1.819, 1.764, 1.810
01/03/20, 1.877, 1.877, 1.787, 1.789
01/02/20, 1.920, 1.949, 1.852, 1.877
12/31/19, 1.883, 1.925, 1.883, 1.920
12/30/19, 1.878, 1.939, 1.875, 1.883
12/27/19, 1.895, 1.905, 1.866, 1.878
12/26/19, 1.902, 1.920, 1.892, 1.895
12/24/19, 1.929, 1.950, 1.901, 1.902
12/23/19, 1.918, 1.940, 1.895, 1.929
12/20/19, 1.923, 1.950, 1.911, 1.918
12/19/19, 1.921, 1.950, 1.899, 1.923
12/18/19, 1.884, 1.935, 1.863, 1.921
12/17/19, 1.878, 1.899, 1.851, 1.884
12/16/19, 1.827, 1.895, 1.827, 1.878
12/13/19, 1.894, 1.945, 1.817, 1.827
12/12/19, 1.800, 1.917, 1.778, 1.894
12/11/19, 1.842, 1.843, 1.779, 1.800
12/10/19, 1.821, 1.849, 1.800, 1.842
12/09/19, 1.841, 1.845, 1.806, 1.821
12/06/19, 1.812, 1.867, 1.784, 1.841
12/05/19, 1.777, 1.825, 1.758, 1.812
12/04/19, 1.718, 1.791, 1.699, 1.777
12/03/19, 1.822, 1.847, 1.693, 1.718
12/02/19, 1.782, 1.859, 1.782, 1.822
11/29/19, 1.769, 1.796, 1.757, 1.782
11/27/19, 1.745, 1.781, 1.738, 1.769
11/26/19, 1.757, 1.780, 1.728, 1.745
11/25/19, 1.773, 1.796, 1.752, 1.757
11/22/19, 1.776, 1.789, 1.746, 1.773
11/21/19, 1.749, 1.788, 1.712, 1.776
11/20/19, 1.786, 1.786, 1.729, 1.749
11/19/19, 1.820, 1.831, 1.777, 1.786
11/18/19, 1.833, 1.858, 1.794, 1.820
11/15/19, 1.824, 1.856, 1.823, 1.833
11/14/19, 1.890, 1.892, 1.805, 1.824
11/13/19, 1.918, 1.931, 1.867, 1.890
11/12/19, 1.942, 1.960, 1.910, 1.918
11/10/19, 1.942, 1.942, 1.942, 1.942
11/08/19, 1.918, 1.956, 1.896, 1.942
11/07/19, 1.832, 1.967, 1.806, 1.918
11/06/19, 1.862, 1.862, 1.803, 1.832
11/05/19, 1.779, 1.876, 1.779, 1.862
11/04/19, 1.716, 1.793, 1.709, 1.779
11/01/19, 1.689, 1.744, 1.675, 1.716
10/31/19, 1.777, 1.793, 1.679, 1.689
10/30/19, 1.839, 1.849, 1.772, 1.777
10/29/19, 1.847, 1.861, 1.823, 1.839
10/28/19, 1.796, 1.862, 1.796, 1.847
10/25/19, 1.768, 1.813, 1.752, 1.796
10/24/19, 1.769, 1.782, 1.739, 1.768
10/23/19, 1.767, 1.770, 1.730, 1.769
10/22/19, 1.805, 1.805, 1.763, 1.767
10/21/19, 1.753, 1.808, 1.738, 1.805
10/18/19, 1.755, 1.777, 1.729, 1.753
10/17/19, 1.744, 1.798, 1.725, 1.755
10/16/19, 1.774, 1.774, 1.720, 1.744
10/15/19, 1.732, 1.777, 1.674, 1.774
10/13/19, 1.732, 1.732, 1.732, 1.732
10/11/19, 1.673, 1.766, 1.640, 1.732
10/10/19, 1.586, 1.673, 1.546, 1.673
10/09/19, 1.533, 1.593, 1.526, 1.586
10/08/19, 1.563, 1.591, 1.509, 1.533
10/07/19, 1.527, 1.567, 1.507, 1.563
10/04/19, 1.536, 1.557, 1.505, 1.530
10/03/19, 1.598, 1.601, 1.510, 1.536
10/02/19, 1.638, 1.665, 1.582, 1.598
10/01/19, 1.667, 1.753, 1.615, 1.638
09/30/19, 1.683, 1.712, 1.663, 1.667
09/27/19, 1.698, 1.727, 1.672, 1.683
09/26/19, 1.739, 1.739, 1.674, 1.698
09/25/19, 1.651, 1.737, 1.633, 1.736
09/24/19, 1.729, 1.729, 1.629, 1.651
09/23/19, 1.723, 1.762, 1.669, 1.729
09/20/19, 1.785, 1.795, 1.717, 1.723
09/19/19, 1.797, 1.820, 1.748, 1.785
09/18/19, 1.803, 1.818, 1.743, 1.797
09/17/19, 1.847, 1.853, 1.796, 1.803
09/16/19, 1.899, 1.911, 1.818, 1.847
09/13/19, 1.773, 1.907, 1.767, 1.899
09/12/19, 1.745, 1.796, 1.677, 1.773
09/11/19, 1.733, 1.752, 1.710, 1.745
09/10/19, 1.646, 1.747, 1.622, 1.733
09/09/19, 1.565, 1.647, 1.550, 1.646
09/06/19, 1.565, 1.607, 1.536, 1.556
09/05/19, 1.469, 1.590, 1.468, 1.565
09/04/19, 1.461, 1.499, 1.454, 1.469
09/03/19, 1.500, 1.536, 1.431, 1.461
09/01/19, 1.500, 1.500, 1.500, 1.500
08/30/19, 1.497, 1.543, 1.493, 1.500
08/29/19, 1.481, 1.533, 1.448, 1.498
08/28/19, 1.472, 1.490, 1.448, 1.481
08/27/19, 1.535, 1.537, 1.469, 1.472
08/26/19, 1.538, 1.550, 1.447, 1.535
08/23/19, 1.617, 1.664, 1.507, 1.538
08/22/19, 1.591, 1.626, 1.556, 1.617
08/21/19, 1.555, 1.611, 1.545, 1.591
08/20/19, 1.611, 1.611, 1.538, 1.555
08/19/19, 1.560, 1.627, 1.560, 1.611
08/16/19, 1.528, 1.591, 1.513, 1.560
08/15/19, 1.581, 1.595, 1.477, 1.528
08/14/19, 1.704, 1.704, 1.577, 1.581
08/13/19, 1.649, 1.716, 1.620, 1.704
08/12/19, 1.748, 1.748, 1.630, 1.649
08/09/19, 1.720, 1.749, 1.682, 1.748
08/08/19, 1.734, 1.791, 1.709, 1.720
08/07/19, 1.708, 1.734, 1.598, 1.734
08/06/19, 1.713, 1.774, 1.675, 1.708
08/05/19, 1.846, 1.856, 1.710, 1.713
08/02/19, 1.895, 1.911, 1.833, 1.846
08/01/19, 2.015, 2.061, 1.875, 1.895
07/31/19, 2.062, 2.073, 2.007, 2.015
07/30/19, 2.066, 2.079, 2.042, 2.062
07/29/19, 2.069, 2.072, 2.049, 2.066
07/26/19, 2.079, 2.101, 2.064, 2.069
07/25/19, 2.050, 2.100, 2.011, 2.079
07/24/19, 2.081, 2.087, 2.034, 2.050
07/23/19, 2.048, 2.082, 2.042, 2.081
07/22/19, 2.057, 2.068, 2.021, 2.048
07/19/19, 2.024, 2.067, 2.024, 2.057
07/18/19, 2.050, 2.075, 2.018, 2.024
07/17/19, 2.105, 2.111, 2.045, 2.050
07/16/19, 2.092, 2.142, 2.084, 2.105
07/15/19, 2.124, 2.141, 2.086, 2.092
07/12/19, 2.139, 2.148, 2.106, 2.124
07/11/19, 2.062, 2.146, 2.037, 2.139
07/10/19, 2.068, 2.113, 2.039, 2.062
07/09/19, 2.050, 2.073, 2.032, 2.068
07/08/19, 2.037, 2.054, 2.013, 2.050
07/05/19, 1.950, 2.068, 1.940, 2.037
07/03/19, 1.975, 1.975, 1.943, 1.950
07/02/19, 2.027, 2.027, 1.973, 1.975
07/01/19, 2.006, 2.048, 2.003, 2.027
06/28/19, 2.013, 2.031, 1.994, 2.006
06/27/19, 2.049, 2.072, 2.003, 2.013
06/26/19, 1.988, 2.053, 1.988, 2.049
06/25/19, 2.021, 2.025, 1.980, 1.988
06/24/19, 2.058, 2.065, 2.014, 2.021
06/21/19, 2.025, 2.069, 2.002, 2.058
06/20/19, 2.024, 2.040, 1.974, 2.025
06/19/19, 2.057, 2.096, 2.023, 2.024
06/18/19, 2.090, 2.099, 2.018, 2.057
06/17/19, 2.080, 2.118, 2.078, 2.090
06/14/19, 2.096, 2.111, 2.058, 2.080
06/13/19, 2.118, 2.132, 2.081, 2.096
06/12/19, 2.141, 2.145, 2.111, 2.118
06/11/19, 2.146, 2.179, 2.136, 2.141
06/10/19, 2.085, 2.149, 2.085, 2.146
06/07/19, 2.120, 2.134, 2.054, 2.085
06/06/19, 2.134, 2.134, 2.090, 2.120
06/05/19, 2.134, 2.136, 2.074, 2.134
06/04/19, 2.072, 2.147, 2.072, 2.134
06/03/19, 2.130, 2.136, 2.062, 2.072
05/31/19, 2.218, 2.218, 2.124, 2.130
05/30/19, 2.264, 2.283, 2.209, 2.218
05/29/19, 2.265, 2.269, 2.209, 2.264
05/28/19, 2.326, 2.326, 2.260, 2.265
05/26/19, 2.326, 2.326, 2.326, 2.326
05/24/19, 2.323, 2.337, 2.313, 2.326
05/23/19, 2.386, 2.389, 2.296, 2.323
05/22/19, 2.429, 2.436, 2.384, 2.386
05/21/19, 2.420, 2.442, 2.408, 2.429
05/20/19, 2.393, 2.422, 2.380, 2.420
05/17/19, 2.392, 2.408, 2.364, 2.393
05/16/19, 2.377, 2.417, 2.356, 2.392
05/15/19, 2.414, 2.420, 2.363, 2.377
05/14/19, 2.408, 2.431, 2.393, 2.414
05/13/19, 2.468, 2.468, 2.390, 2.408
05/10/19, 2.445, 2.475, 2.429, 2.468
05/09/19, 2.484, 2.486, 2.425, 2.445
05/08/19, 2.458, 2.491, 2.426, 2.484
05/07/19, 2.485, 2.502, 2.444, 2.458
05/06/19, 2.523, 2.523, 2.475, 2.485
05/03/19, 2.543, 2.577, 2.513, 2.523
05/02/19, 2.518, 2.556, 2.502, 2.543
05/01/19, 2.504, 2.521, 2.453, 2.503
04/30/19, 2.515, 2.549, 2.498, 2.502
04/29/19, 2.502, 2.545, 2.500, 2.526
04/26/19, 2.531, 2.538, 2.492, 2.500
04/25/19, 2.526, 2.544, 2.516, 2.536
04/24/19, 2.571, 2.574, 2.515, 2.525
04/23/19, 2.587, 2.594, 2.559, 2.569
04/22/19, 2.592, 2.592, 2.592, 2.592
04/18/19, 2.591, 2.594, 2.546, 2.564
04/17/19, 2.584, 2.617, 2.578, 2.596
04/16/19, 2.555, 2.597, 2.547, 2.594
04/15/19, 2.558, 2.575, 2.546, 2.552
04/12/19, 2.496, 2.569, 2.490, 2.569
04/11/19, 2.471, 2.511, 2.470, 2.498
04/10/19, 2.502, 2.510, 2.461, 2.469
04/09/19, 2.517, 2.527, 2.484, 2.501
04/08/19, 2.502, 2.530, 2.486, 2.530
04/05/19, 2.517, 2.545, 2.487, 2.494
04/04/19, 2.521, 2.522, 2.495, 2.513
04/03/19, 2.476, 2.525, 2.472, 2.521
04/02/19, 2.493, 2.495, 2.466, 2.472
04/01/19, 2.427, 2.505, 2.427, 2.501
03/29/19, 2.389, 2.431, 2.388, 2.406
03/28/19, 2.364, 2.407, 2.341, 2.393
03/27/19, 2.419, 2.431, 2.352, 2.373
03/26/19, 2.406, 2.452, 2.403, 2.422
03/25/19, 2.451, 2.473, 2.379, 2.399
03/22/19, 2.541, 2.541, 2.417, 2.442
03/21/19, 2.526, 2.540, 2.499, 2.533
03/20/19, 2.614, 2.619, 2.525, 2.525
03/19/19, 2.604, 2.634, 2.591, 2.619
03/18/19, 2.593, 2.611, 2.583, 2.608
03/15/19, 2.626, 2.638, 2.577, 2.592
03/14/19, 2.623, 2.641, 2.609, 2.629
03/13/19, 2.605, 2.628, 2.602, 2.621
03/12/19, 2.659, 2.674, 2.595, 2.609
03/11/19, 2.632, 2.659, 2.624, 2.642
03/08/19, 2.644, 2.650, 2.613, 2.635
03/07/19, 2.689, 2.694, 2.634, 2.641
03/06/19, 2.717, 2.721, 2.680, 2.691
03/05/19, 2.728, 2.748, 2.715, 2.719
03/04/19, 2.765, 2.770, 2.720, 2.722
03/01/19, 2.720, 2.759, 2.714, 2.754
02/28/19, 2.678, 2.729, 2.659, 2.718
02/27/19, 2.641, 2.699, 2.627, 2.683
02/26/19, 2.663, 2.671, 2.627, 2.640
02/25/19, 2.666, 2.685, 2.655, 2.665
02/22/19, 2.688, 2.690, 2.634, 2.653
02/21/19, 2.645, 2.698, 2.642, 2.698
02/20/19, 2.647, 2.658, 2.626, 2.647
02/19/19, 2.673, 2.676, 2.632, 2.638
02/15/19, 2.654, 2.685, 2.643, 2.666
02/14/19, 2.699, 2.712, 2.641, 2.655
02/13/19, 2.696, 2.716, 2.679, 2.703
02/12/19, 2.654, 2.689, 2.653, 2.685
02/11/19, 2.638, 2.668, 2.636, 2.655
02/08/19, 2.657, 2.662, 2.621, 2.630
02/07/19, 2.693, 2.695, 2.648, 2.658
02/06/19, 2.704, 2.706, 2.674, 2.696
02/05/19, 2.717, 2.741, 2.687, 2.701
02/04/19, 2.692, 2.731, 2.684, 2.722
02/01/19, 2.645, 2.700, 2.624, 2.686
01/31/19, 2.685, 2.687, 2.613, 2.630
01/30/19, 2.711, 2.733, 2.671, 2.682
01/29/19, 2.743, 2.747, 2.710, 2.712
01/28/19, 2.753, 2.769, 2.728, 2.744
01/25/19, 2.721, 2.762, 2.719, 2.761
01/24/19, 2.744, 2.756, 2.701, 2.714
01/23/19, 2.742, 2.777, 2.735, 2.744
01/22/19, 2.774, 2.776, 2.726, 2.741
01/18/19, 2.747, 2.796, 2.744, 2.786
01/17/19, 2.718, 2.758, 2.703, 2.752
01/16/19, 2.712, 2.748, 2.704, 2.724
01/15/19, 2.710, 2.723, 2.680, 2.718
01/14/19, 2.707, 2.715, 2.664, 2.704
01/11/19, 2.732, 2.740, 2.680, 2.704
01/10/19, 2.714, 2.749, 2.679, 2.747
01/09/19, 2.732, 2.750, 2.709, 2.712
01/08/19, 2.696, 2.734, 2.686, 2.732
01/07/19, 2.670, 2.704, 2.632, 2.697
01/04/19, 2.562, 2.675, 2.547, 2.670
01/03/19, 2.626, 2.655, 2.547, 2.557
01/02/19, 2.691, 2.700, 2.619, 2.620
12/31/18, 2.730, 2.743, 2.682, 2.684
12/28/18, 2.773, 2.782, 2.714, 2.718
12/27/18, 2.799, 2.804, 2.729, 2.771
12/26/18, 2.799, 2.805, 2.734, 2.807
12/24/18, 2.799, 2.805, 2.734, 2.741
12/21/18, 2.800, 2.810, 2.776, 2.783
12/20/18, 2.774, 2.811, 2.748, 2.809
12/19/18, 2.820, 2.837, 2.750, 2.777
12/18/18, 2.854, 2.860, 2.814, 2.819
12/17/18, 2.896, 2.899, 2.846, 2.858
12/14/18, 2.913, 2.914, 2.873, 2.893
12/13/18, 2.911, 2.920, 2.893, 2.913
12/12/18, 2.882, 2.920, 2.882, 2.914
12/11/18, 2.852, 2.898, 2.845, 2.878
12/10/18, 2.836, 2.869, 2.824, 2.861
12/07/18, 2.897, 2.909, 2.848, 2.852
12/06/18, 2.965, 2.965, 2.828, 2.885
12/04/18, 2.975, 2.978, 2.879, 2.912
12/03/18, 3.036, 3.050, 2.966, 2.970
11/30/18, 3.028, 3.031, 2.992, 2.993
11/29/18, 3.048, 3.054, 3.002, 3.030
11/28/18, 3.056, 3.072, 3.041, 3.058
11/27/18, 3.058, 3.072, 3.042, 3.061
11/26/18, 3.053, 3.077, 3.046, 3.057
11/23/18, 3.064, 3.075, 3.033, 3.040
11/21/18, 3.067, 3.087, 3.057, 3.064
11/20/18, 3.061, 3.071, 3.035, 3.064
11/19/18, 3.063, 3.094, 3.046, 3.069
11/16/18, 3.117, 3.124, 3.064, 3.066
11/15/18, 3.126, 3.136, 3.080, 3.114
11/14/18, 3.150, 3.163, 3.091, 3.125
11/13/18, 3.147, 3.177, 3.138, 3.142
11/09/18, 3.236, 3.237, 3.179, 3.184
11/08/18, 3.235, 3.246, 3.205, 3.238
11/07/18, 3.202, 3.251, 3.177, 3.237
11/06/18, 3.208, 3.231, 3.191, 3.231
11/05/18, 3.210, 3.213, 3.185, 3.201
11/02/18, 3.136, 3.223, 3.133, 3.214
11/01/18, 3.152, 3.174, 3.132, 3.133
10/31/18, 3.125, 3.163, 3.122, 3.142
10/30/18, 3.083, 3.127, 3.082, 3.123
10/29/18, 3.084, 3.116, 3.057, 3.087
10/26/18, 3.108, 3.116, 3.058, 3.079
10/25/18, 3.100, 3.145, 3.098, 3.119
10/24/18, 3.171, 3.174, 3.096, 3.103
10/23/18, 3.196, 3.197, 3.111, 3.170
10/22/18, 3.194, 3.207, 3.177, 3.197
10/19/18, 3.178, 3.209, 3.170, 3.196
10/18/18, 3.206, 3.218, 3.158, 3.181
10/17/18, 3.165, 3.203, 3.144, 3.203
10/16/18, 3.158, 3.181, 3.150, 3.166
10/15/18, 3.159, 3.165, 3.142, 3.157
10/12/18, 3.155, 3.184, 3.129, 3.163
10/11/18, 3.167, 3.193, 3.127, 3.151
10/10/18, 3.213, 3.242, 3.165, 3.168
10/09/18, 3.236, 3.263, 3.199, 3.206
10/05/18, 3.195, 3.245, 3.189, 3.231
10/04/18, 3.199, 3.229, 3.176, 3.186
10/03/18, 3.064, 3.187, 3.051, 3.187
10/02/18, 3.084, 3.088, 3.046, 3.065
10/01/18, 3.072, 3.096, 3.062, 3.082
09/28/18, 3.049, 3.063, 3.024, 3.062
09/27/18, 3.054, 3.073, 3.031, 3.054
09/26/18, 3.098, 3.102, 3.042, 3.047
09/25/18, 3.088, 3.115, 3.085, 3.096
09/24/18, 3.074, 3.089, 3.063, 3.087
09/21/18, 3.065, 3.084, 3.057, 3.065
09/20/18, 3.065, 3.096, 3.056, 3.064
09/19/18, 3.055, 3.090, 3.043, 3.068
09/18/18, 2.982, 3.062, 2.977, 3.057
09/17/18, 3.000, 3.019, 2.985, 2.991
09/14/18, 2.973, 3.004, 2.967, 2.998
09/13/18, 2.964, 2.985, 2.941, 2.972
09/12/18, 2.980, 2.981, 2.953, 2.967
09/11/18, 2.931, 2.983, 2.931, 2.979
09/10/18, 2.943, 2.950, 2.926, 2.936
09/07/18, 2.875, 2.949, 2.871, 2.942
09/06/18, 2.904, 2.912, 2.869, 2.878
09/05/18, 2.900, 2.915, 2.882, 2.903
09/04/18, 2.863, 2.907, 2.853, 2.898
08/31/18, 2.860, 2.865, 2.831, 2.861
08/30/18, 2.879, 2.888, 2.850, 2.857
08/29/18, 2.880, 2.898, 2.868, 2.886
08/28/18, 2.852, 2.889, 2.844, 2.882
08/27/18, 2.843, 2.843, 2.843, 2.843
08/24/18, 2.828, 2.850, 2.805, 2.818
08/23/18, 2.822, 2.832, 2.811, 2.829
08/22/18, 2.823, 2.838, 2.812, 2.820
08/21/18, 2.823, 2.853, 2.818, 2.833
08/20/18, 2.868, 2.871, 2.814, 2.817
08/17/18, 2.869, 2.878, 2.842, 2.860
08/16/18, 2.862, 2.892, 2.854, 2.865
08/15/18, 2.898, 2.901, 2.833, 2.861
08/14/18, 2.878, 2.905, 2.873, 2.900
08/13/18, 2.866, 2.889, 2.849, 2.881
08/10/18, 2.930, 2.934, 2.852, 2.872
08/09/18, 2.958, 2.968, 2.921, 2.928
08/08/18, 2.978, 2.986, 2.959, 2.962
08/07/18, 2.942, 2.980, 2.936, 2.975
08/06/18, 2.958, 2.966, 2.921, 2.944
08/03/18, 2.993, 2.999, 2.945, 2.950
08/02/18, 3.008, 3.010, 2.977, 2.986
08/01/18, 2.955, 3.014, 2.953, 3.006
07/31/18, 2.973, 2.981, 2.935, 2.963
07/30/18, 2.962, 2.991, 2.958, 2.975
07/27/18, 2.980, 2.990, 2.950, 2.956
07/26/18, 2.970, 2.983, 2.945, 2.977
07/25/18, 2.952, 2.978, 2.928, 2.977
07/24/18, 2.963, 2.975, 2.942, 2.951
07/23/18, 2.897, 2.970, 2.885, 2.958
07/20/18, 2.849, 2.898, 2.838, 2.897
07/19/18, 2.884, 2.901, 2.829, 2.840
07/18/18, 2.861, 2.882, 2.846, 2.872
07/17/18, 2.861, 2.873, 2.846, 2.864
07/16/18, 2.832, 2.876, 2.830, 2.858
07/13/18, 2.851, 2.861, 2.825, 2.829
07/12/18, 2.847, 2.873, 2.844, 2.845
07/11/18, 2.836, 2.864, 2.829, 2.848
07/10/18, 2.862, 2.876, 2.854, 2.857
07/09/18, 2.828, 2.862, 2.828, 2.861
07/06/18, 2.835, 2.850, 2.809, 2.822
07/05/18, 2.843, 2.869, 2.819, 2.834
07/03/18, 2.871, 2.889, 2.829, 2.831
07/02/18, 2.860, 2.871, 2.828, 2.869
06/29/18, 2.844, 2.867, 2.829, 2.861
06/28/18, 2.831, 2.856, 2.820, 2.839
06/27/18, 2.881, 2.887, 2.817, 2.826
06/26/18, 2.887, 2.904, 2.867, 2.884
06/25/18, 2.891, 2.896, 2.863, 2.884
06/22/18, 2.904, 2.929, 2.890, 2.896
06/21/18, 2.942, 2.951, 2.890, 2.898
06/20/18, 2.899, 2.937, 2.884, 2.937
06/19/18, 2.901, 2.906, 2.854, 2.897
06/18/18, 2.922, 2.932, 2.901, 2.919
06/15/18, 2.938, 2.940, 2.889, 2.925
06/14/18, 2.968, 2.978, 2.930, 2.938
06/13/18, 2.962, 3.006, 2.946, 2.967
06/12/18, 2.956, 2.981, 2.946, 2.963
06/11/18, 2.952, 2.971, 2.951, 2.954
06/08/18, 2.934, 2.952, 2.895, 2.950
06/07/18, 2.973, 3.001, 2.893, 2.923
06/06/18, 2.930, 2.982, 2.927, 2.972
06/05/18, 2.940, 2.943, 2.900, 2.924
06/04/18, 2.905, 2.949, 2.903, 2.945
06/01/18, 2.858, 2.922, 2.858, 2.903
05/31/18, 2.849, 2.888, 2.822, 2.860
05/30/18, 2.763, 2.890, 2.759, 2.857
05/29/18, 2.899, 2.909, 2.754, 2.776
05/25/18, 2.981, 2.996, 2.915, 2.929
05/24/18, 3.000, 3.015, 2.953, 2.977
05/23/18, 3.064, 3.068, 2.987, 2.994
05/22/18, 3.061, 3.081, 3.049, 3.063
05/21/18, 3.078, 3.085, 3.053, 3.059
05/18/18, 3.115, 3.127, 3.058, 3.059
05/17/18, 3.095, 3.120, 3.087, 3.113
05/16/18, 3.068, 3.103, 3.056, 3.098
05/15/18, 2.999, 3.094, 2.996, 3.076
05/14/18, 2.975, 3.002, 2.958, 3.000
05/11/18, 2.969, 2.981, 2.949, 2.970
05/10/18, 2.998, 2.999, 2.953, 2.962
05/09/18, 2.975, 3.017, 2.974, 3.006
05/08/18, 2.952, 2.990, 2.947, 2.978
05/07/18, 2.956, 2.967, 2.934, 2.952
05/04/18, 2.949, 2.960, 2.911, 2.951
05/03/18, 2.970, 2.980, 2.927, 2.949
05/02/18, 2.971, 3.001, 2.957, 2.969
05/01/18, 2.957, 2.981, 2.950, 2.967
04/30/18, 2.962, 2.976, 2.932, 2.953
04/27/18, 2.989, 2.992, 2.948, 2.964
04/26/18, 3.024, 3.033, 2.977, 2.983
04/25/18, 2.997, 3.036, 2.992, 3.028
04/24/18, 2.977, 3.003, 2.959, 3.003
04/23/18, 2.968, 3.001, 2.963, 2.976
04/20/18, 2.915, 2.962, 2.906, 2.962
04/19/18, 2.873, 2.932, 2.862, 2.912
04/18/18, 2.834, 2.880, 2.825, 2.874
04/17/18, 2.834, 2.852, 2.810, 2.831
04/16/18, 2.843, 2.869, 2.825, 2.829
04/13/18, 2.826, 2.848, 2.816, 2.826
04/12/18, 2.782, 2.844, 2.773, 2.840
04/11/18, 2.808, 2.808, 2.755, 2.783
04/10/18, 2.782, 2.811, 2.778, 2.803
04/09/18, 2.785, 2.811, 2.776, 2.780
04/06/18, 2.814, 2.831, 2.766, 2.777
04/05/18, 2.806, 2.837, 2.806, 2.831
04/04/18, 2.776, 2.809, 2.748, 2.807
04/03/18, 2.736, 2.788, 2.735, 2.780
04/02/18, 2.760, 2.775, 2.716, 2.731
03/29/18, 2.787, 2.791, 2.737, 2.739
03/28/18, 2.779, 2.790, 2.745, 2.785
03/27/18, 2.854, 2.861, 2.770, 2.777
03/26/18, 2.821, 2.856, 2.817, 2.856
03/23/18, 2.810, 2.851, 2.793, 2.817
03/22/18, 2.886, 2.890, 2.798, 2.825
03/21/18, 2.904, 2.936, 2.871, 2.883
03/20/18, 2.851, 2.898, 2.851, 2.897
03/19/18, 2.855, 2.878, 2.831, 2.858
03/16/18, 2.832, 2.858, 2.814, 2.847
03/15/18, 2.822, 2.834, 2.798, 2.830
03/14/18, 2.843, 2.858, 2.800, 2.818
03/13/18, 2.871, 2.888, 2.833, 2.845
03/12/18, 2.903, 2.912, 2.863, 2.868
03/09/18, 2.874, 2.911, 2.868, 2.895
03/08/18, 2.883, 2.894, 2.845, 2.857
03/07/18, 2.848, 2.889, 2.843, 2.884
03/06/18, 2.880, 2.908, 2.855, 2.890
03/05/18, 2.854, 2.894, 2.812, 2.884
03/02/18, 2.819, 2.872, 2.796, 2.862
03/01/18, 2.865, 2.875, 2.799, 2.808
02/28/18, 2.901, 2.912, 2.861, 2.862
02/27/18, 2.862, 2.924, 2.849, 2.897
02/26/18, 2.872, 2.874, 2.829, 2.864
02/23/18, 2.932, 2.937, 2.861, 2.867
02/22/18, 2.939, 2.946, 2.902, 2.920
02/21/18, 2.890, 2.956, 2.876, 2.950
02/20/18, 2.892, 2.926, 2.881, 2.888
02/16/18, 2.911, 2.914, 2.848, 2.875
02/15/18, 2.911, 2.942, 2.878, 2.909
02/14/18, 2.837, 2.922, 2.809, 2.906
02/13/18, 2.857, 2.863, 2.822, 2.829
02/12/18, 2.849, 2.896, 2.828, 2.860
02/09/18, 2.822, 2.864, 2.786, 2.854
02/08/18, 2.818, 2.883, 2.807, 2.827
02/07/18, 2.806, 2.859, 2.762, 2.837
02/06/18, 2.741, 2.806, 2.647, 2.803
02/05/18, 2.856, 2.883, 2.697, 2.707
02/02/18, 2.796, 2.853, 2.782, 2.841
02/01/18, 2.732, 2.794, 2.720, 2.792
01/31/18, 2.722, 2.753, 2.697, 2.705
01/30/18, 2.703, 2.737, 2.684, 2.721
01/29/18, 2.659, 2.728, 2.659, 2.695
01/26/18, 2.627, 2.673, 2.619, 2.662
01/25/18, 2.652, 2.676, 2.615, 2.627
01/24/18, 2.611, 2.662, 2.609, 2.649
01/23/18, 2.657, 2.661, 2.612, 2.615
01/22/18, 2.660, 2.671, 2.630, 2.650
01/19/18, 2.626, 2.662, 2.612, 2.659
01/18/18, 2.592, 2.629, 2.586, 2.628
01/17/18, 2.536, 2.588, 2.532, 2.587
01/16/18, 2.555, 2.562, 2.525, 2.538
01/12/18, 2.546, 2.592, 2.543, 2.549
01/11/18, 2.552, 2.569, 2.524, 2.538
01/10/18, 2.551, 2.598, 2.541, 2.556
01/09/18, 2.485, 2.560, 2.480, 2.555
01/08/18, 2.483, 2.491, 2.461, 2.480
01/05/18, 2.460, 2.482, 2.432, 2.477
01/04/18, 2.459, 2.486, 2.448, 2.453
01/03/18, 2.471, 2.474, 2.437, 2.450
01/02/18, 2.412, 2.481, 2.410, 2.463
12/29/17, 2.436, 2.438, 2.408, 2.410
12/28/17, 2.419, 2.442, 2.419, 2.434
12/27/17, 2.476, 2.480, 2.407, 2.411
12/26/17, 2.491, 2.498, 2.456, 2.478
12/22/17, 2.483, 2.493, 2.478, 2.484
12/21/17, 2.489, 2.503, 2.477, 2.485
12/20/17, 2.452, 2.502, 2.447, 2.501
12/19/17, 2.402, 2.472, 2.390, 2.468
12/18/17, 2.368, 2.396, 2.362, 2.393
12/15/17, 2.353, 2.378, 2.345, 2.355
12/14/17, 2.358, 2.390, 2.344, 2.353
12/13/17, 2.401, 2.425, 2.343, 2.343
12/12/17, 2.388, 2.418, 2.377, 2.408
12/11/17, 2.384, 2.392, 2.356, 2.392
12/08/17, 2.373, 2.394, 2.361, 2.375
12/07/17, 2.342, 2.373, 2.322, 2.364
12/06/17, 2.359, 2.364, 2.312, 2.339
12/05/17, 2.380, 2.396, 2.351, 2.353
12/04/17, 2.410, 2.413, 2.368, 2.372
12/01/17, 2.412, 2.416, 2.321, 2.363
11/30/17, 2.386, 2.434, 2.380, 2.410
11/29/17, 2.334, 2.393, 2.321, 2.390
11/28/17, 2.322, 2.341, 2.311, 2.328
11/27/17, 2.340, 2.356, 2.321, 2.330
11/24/17, 2.326, 2.353, 2.326, 2.344
11/22/17, 2.356, 2.374, 2.316, 2.319
11/21/17, 2.365, 2.376, 2.335, 2.357
11/20/17, 2.344, 2.372, 2.325, 2.371
11/17/17, 2.371, 2.374, 2.336, 2.344
11/16/17, 2.325, 2.379, 2.325, 2.376
11/15/17, 2.374, 2.374, 2.319, 2.326
11/14/17, 2.404, 2.415, 2.371, 2.373
11/13/17, 2.399, 2.407, 2.370, 2.405
11/09/17, 2.326, 2.345, 2.313, 2.397
11/08/17, 2.308, 2.335, 2.303, 2.333
11/07/17, 2.319, 2.345, 2.301, 2.317
11/06/17, 2.344, 2.356, 2.313, 2.316
11/03/17, 2.350, 2.364, 2.321, 2.334
11/02/17, 2.372, 2.382, 2.336, 2.349
11/01/17, 2.378, 2.401, 2.347, 2.373
10/31/17, 2.369, 2.387, 2.357, 2.377
10/30/17, 2.403, 2.416, 2.362, 2.371
10/27/17, 2.457, 2.481, 2.410, 2.412
10/26/17, 2.433, 2.465, 2.411, 2.464
10/25/17, 2.421, 2.475, 2.414, 2.435
10/24/17, 2.371, 2.426, 2.363, 2.417
10/23/17, 2.394, 2.398, 2.363, 2.369
10/20/17, 2.320, 2.389, 2.316, 2.385
10/19/17, 2.345, 2.348, 2.298, 2.321
10/18/17, 2.302, 2.352, 2.297, 2.344
10/17/17, 2.302, 2.329, 2.296, 2.300
10/16/17, 2.290, 2.311, 2.280, 2.305
10/13/17, 2.323, 2.336, 2.272, 2.277
10/12/17, 2.349, 2.351, 2.314, 2.320
10/11/17, 2.361, 2.367, 2.331, 2.350
10/10/17, 2.362, 2.373, 2.315, 2.360
10/06/17, 2.349, 2.401, 2.346, 2.361
10/05/17, 2.329, 2.357, 2.321, 2.350
10/04/17, 2.326, 2.345, 2.302, 2.325
10/03/17, 2.342, 2.368, 2.321, 2.321
10/02/17, 2.343, 2.374, 2.320, 2.343
09/29/17, 2.314, 2.336, 2.295, 2.333
09/28/17, 2.307, 2.358, 2.301, 2.307
09/27/17, 2.233, 2.315, 2.232, 2.311
09/26/17, 2.223, 2.246, 2.215, 2.238
09/25/17, 2.262, 2.264, 2.213, 2.220
09/22/17, 2.275, 2.278, 2.241, 2.255
09/21/17, 2.275, 2.283, 2.246, 2.278
09/20/17, 2.243, 2.287, 2.226, 2.272
09/19/17, 2.226, 2.249, 2.215, 2.248
09/18/17, 2.207, 2.237, 2.205, 2.231
09/15/17, 2.181, 2.211, 2.177, 2.204
09/14/17, 2.188, 2.226, 2.185, 2.187
09/13/17, 2.171, 2.199, 2.154, 2.190
09/12/17, 2.129, 2.175, 2.124, 2.169
09/11/17, 2.090, 2.136, 2.087, 2.132
09/08/17, 2.045, 2.071, 2.016, 2.052
09/07/17, 2.106, 2.107, 2.034, 2.039
09/06/17, 2.059, 2.109, 2.056, 2.106
09/05/17, 2.150, 2.152, 2.060, 2.060
09/01/17, 2.129, 2.168, 2.100, 2.167
08/31/17, 2.139, 2.155, 2.116, 2.119
08/30/17, 2.137, 2.155, 2.129, 2.134
08/29/17, 2.124, 2.141, 2.088, 2.129
08/28/17, 2.175, 2.180, 2.155, 2.157
08/25/17, 2.196, 2.203, 2.160, 2.168
08/24/17, 2.168, 2.199, 2.168, 2.196
08/23/17, 2.222, 2.223, 2.165, 2.167
08/22/17, 2.183, 2.218, 2.181, 2.214
08/21/17, 2.205, 2.211, 2.175, 2.184
08/18/17, 2.193, 2.211, 2.161, 2.197
08/17/17, 2.230, 2.247, 2.183, 2.189
08/16/17, 2.276, 2.285, 2.220, 2.225
08/15/17, 2.220, 2.283, 2.220, 2.275
08/14/17, 2.198, 2.228, 2.196, 2.222
08/11/17, 2.199, 2.222, 2.184, 2.192
08/10/17, 2.250, 2.257, 2.196, 2.198
08/09/17, 2.258, 2.259, 2.213, 2.250
08/08/17, 2.259, 2.292, 2.254, 2.264
08/07/17, 2.271, 2.285, 2.252, 2.255
08/04/17, 2.224, 2.291, 2.219, 2.266
08/03/17, 2.269, 2.271, 2.218, 2.223
08/02/17, 2.259, 2.284, 2.244, 2.271
08/01/17, 2.298, 2.321, 2.250, 2.255
07/31/17, 2.284, 2.305, 2.276, 2.297
07/28/17, 2.306, 2.335, 2.286, 2.293
07/27/17, 2.287, 2.328, 2.276, 2.312
07/26/17, 2.335, 2.341, 2.277, 2.288
07/25/17, 2.257, 2.340, 2.248, 2.338
07/24/17, 2.236, 2.262, 2.229, 2.256
07/21/17, 2.267, 2.272, 2.227, 2.239
07/20/17, 2.269, 2.276, 2.240, 2.261
07/19/17, 2.268, 2.280, 2.258, 2.272
07/18/17, 2.312, 2.316, 2.257, 2.260
07/17/17, 2.336, 2.337, 2.302, 2.316
07/14/17, 2.354, 2.357, 2.275, 2.335
07/13/17, 2.322, 2.365, 2.306, 2.347
07/12/17, 2.362, 2.362, 2.301, 2.321
07/11/17, 2.374, 2.396, 2.351, 2.364
07/10/17, 2.388, 2.393, 2.362, 2.375
07/07/17, 2.371, 2.397, 2.362, 2.384
07/06/17, 2.330, 2.390, 2.321, 2.368
07/05/17, 2.339, 2.357, 2.321, 2.323
07/03/17, 2.317, 2.355, 2.289, 2.348
06/30/17, 2.264, 2.309, 2.262, 2.302
06/29/17, 2.226, 2.298, 2.220, 2.268
06/28/17, 2.203, 2.258, 2.193, 2.230
06/27/17, 2.140, 2.213, 2.125, 2.210
06/26/17, 2.147, 2.163, 2.119, 2.140
06/23/17, 2.151, 2.169, 2.141, 2.143
06/22/17, 2.163, 2.166, 2.138, 2.150
06/21/17, 2.166, 2.177, 2.144, 2.164
06/20/17, 2.199, 2.199, 2.151, 2.159
06/19/17, 2.159, 2.193, 2.140, 2.192
06/16/17, 2.166, 2.179, 2.143, 2.153
06/15/17, 2.123, 2.174, 2.123, 2.166
06/14/17, 2.212, 2.215, 2.096, 2.127
06/13/17, 2.219, 2.229, 2.201, 2.213
06/12/17, 2.214, 2.225, 2.186, 2.214
06/09/17, 2.176, 2.228, 2.168, 2.201
06/08/17, 2.186, 2.215, 2.177, 2.189
06/07/17, 2.150, 2.184, 2.146, 2.176
06/06/17, 2.180, 2.182, 2.133, 2.147
06/05/17, 2.158, 2.186, 2.156, 2.183
06/02/17, 2.215, 2.225, 2.143, 2.160
06/01/17, 2.208, 2.243, 2.206, 2.210
05/31/17, 2.215, 2.234, 2.195, 2.206
05/30/17, 2.247, 2.249, 2.207, 2.209
05/26/17, 2.255, 2.258, 2.231, 2.248
05/25/17, 2.257, 2.269, 2.243, 2.257
05/24/17, 2.283, 2.298, 2.243, 2.252
05/23/17, 2.233, 2.290, 2.227, 2.284
05/22/17, 2.243, 2.257, 2.235, 2.256
05/19/17, 2.234, 2.258, 2.225, 2.236
05/18/17, 2.231, 2.252, 2.183, 2.233
05/17/17, 2.295, 2.306, 2.211, 2.226
05/16/17, 2.339, 2.362, 2.306, 2.327
05/15/17, 2.323, 2.352, 2.320, 2.345
05/12/17, 2.388, 2.393, 2.320, 2.328
05/11/17, 2.412, 2.423, 2.383, 2.390
05/10/17, 2.393, 2.418, 2.370, 2.416
05/09/17, 2.393, 2.414, 2.377, 2.400
05/08/17, 2.363, 2.391, 2.331, 2.389
05/05/17, 2.356, 2.382, 2.338, 2.352
05/04/17, 2.323, 2.369, 2.323, 2.358
05/03/17, 2.285, 2.326, 2.277, 2.320
05/02/17, 2.319, 2.343, 2.280, 2.280
05/01/17, 2.281, 2.339, 2.280, 2.320
04/28/17, 2.299, 2.333, 2.277, 2.281
04/27/17, 2.311, 2.323, 2.282, 2.297
04/26/17, 2.331, 2.348, 2.301, 2.307
04/25/17, 2.270, 2.342, 2.268, 2.335
04/24/17, 2.315, 2.323, 2.264, 2.275
04/21/17, 2.242, 2.252, 2.207, 2.248
04/20/17, 2.213, 2.255, 2.198, 2.232
04/19/17, 2.182, 2.225, 2.176, 2.217
04/18/17, 2.253, 2.261, 2.165, 2.175
04/17/17, 2.208, 2.258, 2.200, 2.250
04/13/17, 2.245, 2.273, 2.222, 2.234
04/12/17, 2.297, 2.314, 2.238, 2.239
04/11/17, 2.354, 2.357, 2.288, 2.299
04/10/17, 2.386, 2.395, 2.347, 2.368
04/07/17, 2.349, 2.386, 2.272, 2.382
04/06/17, 2.338, 2.369, 2.327, 2.341
04/05/17, 2.362, 2.383, 2.326, 2.337
04/04/17, 2.328, 2.364, 2.314, 2.363
04/03/17, 2.397, 2.406, 2.321, 2.323
03/31/17, 2.416, 2.435, 2.384, 2.386
03/30/17, 2.386, 2.424, 2.375, 2.421
03/29/17, 2.424, 2.430, 2.377, 2.378
03/28/17, 2.381, 2.422, 2.357, 2.420
03/27/17, 2.380, 2.382, 2.349, 2.377
03/24/17, 2.421, 2.440, 2.394, 2.413
03/23/17, 2.407, 2.436, 2.387, 2.422
03/22/17, 2.415, 2.425, 2.375, 2.408
03/21/17, 2.463, 2.499, 2.411, 2.418
03/20/17, 2.496, 2.516, 2.461, 2.461
03/17/17, 2.542, 2.546, 2.488, 2.502
03/16/17, 2.496, 2.540, 2.488, 2.540
03/15/17, 2.601, 2.603, 2.490, 2.495
03/14/17, 2.624, 2.632, 2.589, 2.602
03/13/17, 2.588, 2.628, 2.559, 2.626
03/10/17, 2.613, 2.623, 2.571, 2.577
03/09/17, 2.567, 2.610, 2.557, 2.609
03/08/17, 2.522, 2.581, 2.507, 2.562
03/07/17, 2.493, 2.521, 2.492, 2.518
03/06/17, 2.476, 2.509, 2.461, 2.500
03/03/17, 2.484, 2.519, 2.471, 2.480
03/02/17, 2.467, 2.504, 2.452, 2.478
03/01/17, 2.419, 2.468, 2.398, 2.457
02/28/17, 2.361, 2.401, 2.334, 2.394
02/27/17, 2.322, 2.371, 2.318, 2.365
02/24/17, 2.379, 2.384, 2.311, 2.314
02/23/17, 2.419, 2.422, 2.372, 2.376
02/22/17, 2.439, 2.454, 2.392, 2.417
02/21/17, 2.439, 2.461, 2.414, 2.431
02/17/17, 2.454, 2.463, 2.400, 2.418
02/16/17, 2.490, 2.492, 2.438, 2.448
02/15/17, 2.479, 2.520, 2.467, 2.493
02/14/17, 2.438, 2.502, 2.429, 2.469
02/13/17, 2.427, 2.450, 2.417, 2.433
02/10/17, 2.401, 2.429, 2.398, 2.409
02/09/17, 2.333, 2.403, 2.326, 2.395
02/08/17, 2.399, 2.401, 2.326, 2.339
02/07/17, 2.406, 2.442, 2.369, 2.395
02/06/17, 2.465, 2.468, 2.406, 2.413
02/03/17, 2.482, 2.498, 2.428, 2.470
02/02/17, 2.479, 2.483, 2.432, 2.475
02/01/17, 2.464, 2.515, 2.461, 2.472
01/31/17, 2.483, 2.502, 2.431, 2.458
01/30/17, 2.477, 2.499, 2.462, 2.488
01/27/17, 2.512, 2.528, 2.477, 2.484
01/26/17, 2.506, 2.556, 2.500, 2.504
01/25/17, 2.462, 2.534, 2.443, 2.515
01/24/17, 2.409, 2.472, 2.385, 2.465
01/23/17, 2.443, 2.473, 2.379, 2.401
01/20/17, 2.468, 2.511, 2.451, 2.468
01/19/17, 2.422, 2.493, 2.413, 2.473
01/18/17, 2.336, 2.430, 2.331, 2.428
01/17/17, 2.370, 2.375, 2.308, 2.322
01/15/17, 2.397, 2.397, 2.397, 2.360
01/13/17, 2.365, 2.429, 2.331, 2.397
01/12/17, 2.358, 2.364, 2.307, 2.360
01/11/17, 2.381, 2.396, 2.326, 2.377
01/10/17, 2.367, 2.392, 2.360, 2.378
01/09/17, 2.419, 2.430, 2.367, 2.368
01/06/17, 2.357, 2.425, 2.335, 2.420
01/05/17, 2.436, 2.451, 2.344, 2.349
01/04/17, 2.453, 2.477, 2.430, 2.441
01/03/17, 2.445, 2.516, 2.435, 2.448
01/01/17, 2.445, 2.445, 2.445, 2.476
12/30/16, 2.478, 2.488, 2.433, 2.445
12/29/16, 2.506, 2.508, 2.461, 2.476
12/28/16, 2.561, 2.564, 2.504, 2.510
12/27/16, 2.550, 2.577, 2.546, 2.562
12/23/16, 2.551, 2.559, 2.526, 2.541
12/22/16, 2.536, 2.576, 2.528, 2.553
12/21/16, 2.569, 2.576, 2.535, 2.539
12/20/16, 2.542, 2.591, 2.538, 2.560
12/19/16, 2.580, 2.594, 2.529, 2.542
12/16/16, 2.602, 2.619, 2.552, 2.591
12/15/16, 2.567, 2.641, 2.564, 2.603
12/14/16, 2.468, 2.582, 2.422, 2.575
12/13/16, 2.463, 2.495, 2.435, 2.473
12/12/16, 2.494, 2.526, 2.469, 2.472
12/09/16, 2.415, 2.476, 2.398, 2.466
12/08/16, 2.346, 2.422, 2.337, 2.409
12/07/16, 2.394, 2.401, 2.340, 2.341
12/06/16, 2.395, 2.401, 2.374, 2.390
12/05/16, 2.359, 2.448, 2.338, 2.399
12/02/16, 2.438, 2.447, 2.374, 2.387
12/01/16, 2.385, 2.491, 2.379, 2.450
11/30/16, 2.293, 2.404, 2.291, 2.387
11/29/16, 2.310, 2.350, 2.289, 2.291
11/28/16, 2.337, 2.346, 2.308, 2.314
11/25/16, 2.384, 2.414, 2.350, 2.359
11/23/16, 2.317, 2.417, 2.295, 2.353
11/22/16, 2.302, 2.335, 2.284, 2.313
11/21/16, 2.350, 2.358, 2.303, 2.315
11/18/16, 2.298, 2.366, 2.271, 2.357
11/17/16, 2.208, 2.308, 2.186, 2.304
11/16/16, 2.223, 2.302, 2.199, 2.223
11/15/16, 2.228, 2.245, 2.180, 2.221
11/14/16, 2.196, 2.313, 2.179, 2.263
11/10/16, 2.019, 2.154, 1.991, 2.152
11/09/16, 1.862, 2.083, 1.716, 2.063
11/08/16, 1.824, 1.875, 1.808, 1.857
11/07/16, 1.821, 1.835, 1.807, 1.828
11/04/16, 1.804, 1.823, 1.768, 1.776
11/03/16, 1.806, 1.829, 1.783, 1.814
11/02/16, 1.827, 1.830, 1.775, 1.804
11/01/16, 1.835, 1.883, 1.817, 1.828
10/31/16, 1.843, 1.852, 1.824, 1.826
10/28/16, 1.855, 1.876, 1.831, 1.849
10/27/16, 1.797, 1.870, 1.791, 1.853
10/26/16, 1.755, 1.796, 1.740, 1.793
10/25/16, 1.766, 1.785, 1.741, 1.760
10/24/16, 1.739, 1.774, 1.724, 1.767
10/21/16, 1.760, 1.760, 1.731, 1.738
10/20/16, 1.751, 1.765, 1.724, 1.758
10/19/16, 1.741, 1.769, 1.729, 1.745
10/18/16, 1.775, 1.786, 1.736, 1.737
10/17/16, 1.793, 1.814, 1.752, 1.768
10/14/16, 1.750, 1.804, 1.747, 1.801
10/13/16, 1.768, 1.769, 1.725, 1.745
10/12/16, 1.766, 1.801, 1.764, 1.773
10/11/16, 1.767, 1.782, 1.747, 1.766
10/07/16, 1.730, 1.773, 1.720, 1.722
10/06/16, 1.708, 1.745, 1.694, 1.739
10/05/16, 1.687, 1.729, 1.669, 1.704
10/04/16, 1.631, 1.693, 1.612, 1.687
10/03/16, 1.602, 1.627, 1.593, 1.626
09/30/16, 1.560, 1.613, 1.534, 1.597
09/29/16, 1.587, 1.600, 1.542, 1.556
09/28/16, 1.559, 1.584, 1.540, 1.572
09/27/16, 1.588, 1.607, 1.547, 1.559
09/26/16, 1.612, 1.619, 1.574, 1.582
09/23/16, 1.623, 1.634, 1.605, 1.618
09/22/16, 1.655, 1.657, 1.606, 1.622
09/21/16, 1.689, 1.732, 1.653, 1.653
09/20/16, 1.707, 1.710, 1.667, 1.690
09/19/16, 1.693, 1.715, 1.680, 1.710
09/16/16, 1.691, 1.705, 1.658, 1.692
09/15/16, 1.697, 1.732, 1.663, 1.692
09/14/16, 1.724, 1.743, 1.674, 1.699
09/13/16, 1.664, 1.748, 1.635, 1.729
09/12/16, 1.672, 1.697, 1.659, 1.664
09/09/16, 1.608, 1.684, 1.592, 1.674
09/08/16, 1.539, 1.619, 1.527, 1.597
09/07/16, 1.541, 1.549, 1.516, 1.541
09/06/16, 1.607, 1.620, 1.532, 1.536
09/02/16, 1.571, 1.622, 1.547, 1.606
09/01/16, 1.583, 1.619, 1.556, 1.568
08/31/16, 1.569, 1.587, 1.553, 1.582
08/30/16, 1.571, 1.595, 1.559, 1.568
08/29/16, 1.625, 1.633, 1.560, 1.562
08/26/16, 1.572, 1.636, 1.527, 1.633
08/25/16, 1.566, 1.582, 1.552, 1.577
08/24/16, 1.555, 1.570, 1.542, 1.562
08/23/16, 1.552, 1.571, 1.526, 1.548
08/22/16, 1.597, 1.602, 1.536, 1.542
08/19/16, 1.549, 1.594, 1.536, 1.581
08/18/16, 1.536, 1.564, 1.524, 1.536
08/17/16, 1.566, 1.589, 1.535, 1.552
08/16/16, 1.556, 1.588, 1.514, 1.575
08/15/16, 1.510, 1.561, 1.498, 1.558
08/12/16, 1.563, 1.565, 1.478, 1.512
08/11/16, 1.503, 1.577, 1.502, 1.560
08/10/16, 1.542, 1.549, 1.500, 1.506
08/09/16, 1.589, 1.597, 1.537, 1.551
08/08/16, 1.596, 1.614, 1.574, 1.593
08/05/16, 1.502, 1.594, 1.490, 1.590
08/04/16, 1.542, 1.558, 1.485, 1.503
08/03/16, 1.561, 1.570, 1.529, 1.546
08/02/16, 1.520, 1.572, 1.510, 1.555
08/01/16, 1.460, 1.527, 1.460, 1.526
07/29/16, 1.502, 1.560, 1.448, 1.452
07/28/16, 1.503, 1.536, 1.490, 1.509
07/27/16, 1.563, 1.591, 1.500, 1.500
07/26/16, 1.573, 1.587, 1.541, 1.568
07/25/16, 1.574, 1.595, 1.551, 1.576
07/22/16, 1.548, 1.598, 1.537, 1.566
07/21/16, 1.582, 1.622, 1.553, 1.558
07/20/16, 1.559, 1.597, 1.545, 1.585
07/19/16, 1.569, 1.573, 1.542, 1.554
07/18/16, 1.580, 1.604, 1.558, 1.585
07/15/16, 1.524, 1.603, 1.516, 1.547
07/14/16, 1.469, 1.551, 1.459, 1.538
07/13/16, 1.506, 1.512, 1.457, 1.474
07/12/16, 1.431, 1.531, 1.420, 1.511
07/11/16, 1.362, 1.437, 1.357, 1.434
07/08/16, 1.391, 1.428, 1.350, 1.361
07/07/16, 1.370, 1.423, 1.356, 1.388
07/06/16, 1.368, 1.393, 1.323, 1.371
07/05/16, 1.443, 1.443, 1.357, 1.377
07/01/16, 1.470, 1.473, 1.388, 1.443
06/30/16, 1.512, 1.545, 1.452, 1.473
06/29/16, 1.464, 1.523, 1.454, 1.518
06/28/16, 1.439, 1.483, 1.426, 1.466
06/27/16, 1.506, 1.527, 1.434, 1.434
06/24/16, 1.682, 1.701, 1.418, 1.559
06/23/16, 1.698, 1.752, 1.695, 1.745
06/22/16, 1.701, 1.710, 1.677, 1.687
06/21/16, 1.677, 1.713, 1.659, 1.710
06/20/16, 1.657, 1.690, 1.643, 1.690
06/17/16, 1.577, 1.621, 1.577, 1.611
06/16/16, 1.573, 1.580, 1.518, 1.578
06/15/16, 1.617, 1.639, 1.571, 1.574
06/14/16, 1.612, 1.626, 1.572, 1.615
06/13/16, 1.625, 1.641, 1.604, 1.611
06/10/16, 1.683, 1.685, 1.624, 1.642
06/09/16, 1.706, 1.710, 1.659, 1.687
06/08/16, 1.715, 1.725, 1.696, 1.702
06/07/16, 1.732, 1.748, 1.702, 1.718
06/06/16, 1.704, 1.742, 1.703, 1.738
06/03/16, 1.808, 1.814, 1.698, 1.698
06/02/16, 1.838, 1.843, 1.795, 1.800
06/01/16, 1.848, 1.857, 1.807, 1.837
05/31/16, 1.860, 1.891, 1.828, 1.848
05/27/16, 1.837, 1.855, 1.822, 1.851
05/26/16, 1.865, 1.870, 1.816, 1.830
05/25/16, 1.862, 1.879, 1.848, 1.870
05/24/16, 1.839, 1.879, 1.824, 1.864
05/23/16, 1.840, 1.856, 1.819, 1.836
05/20/16, 1.848, 1.866, 1.836, 1.843
05/19/16, 1.850, 1.880, 1.829, 1.850
05/18/16, 1.772, 1.883, 1.763, 1.855
05/17/16, 1.752, 1.772, 1.738, 1.771
05/16/16, 1.694, 1.758, 1.694, 1.758
05/13/16, 1.751, 1.752, 1.700, 1.700
05/12/16, 1.719, 1.764, 1.719, 1.750
05/11/16, 1.765, 1.768, 1.718, 1.728